Rank,Team,Name,Position,Games,ADP,Bye,SOS,InjuryRisk,Floor Proj,Consensus Proj,DS Proj,CeilingProj,Value
1,PHI,Saquon Barkley,RB,17,1.03,9,-25%,58%,249.7,284,301,346,100
2,CIN,Ja'Marr Chase,WR,17,1.01,10,2%,75%,235.4,270,287,330.2,99.3
3,ATL,Bijan Robinson,RB,17,1.02,5,-1%,42%,253.7,280,299,340.3,98.6
4,DET,Jahmyr Gibbs,RB,17,1.04,8,-14%,63%,231.1,269,275,343.8,86.6
5,MIN,Justin Jefferson,WR,17,1.05,6,17%,67%,224.8,250,261,321.5,86.2
6,DAL,CeeDee Lamb,WR,17,1.06,10,8%,50%,224.6,232,271,311.2,86.1
7,SF,Christian McCaffrey,RB,17,1.09,14,10%,64%,204.5,248,288,334.1,86.1
8,BAL,Derrick Henry,RB,17,1.07,7,-9%,29%,231.3,263,275,322.2,83.7
9,LAR,Puka Nacua,WR,17,1.08,8,5%,68%,218.8,230,260,309.9,81.4
10,IND,Jonathan Taylor,RB,17,2.07,11,11%,65%,228.9,236,263,334.1,78.7
11,LVR,Ashton Jeanty,RB,17,1.1,8,2%,0%,225.7,239,262,330.7,78.3
12,HOU,Nico Collins,WR,17,2.02,6,4%,82%,208.1,232,254,299.5,77.1
13,NYG,Malik Nabers,WR,17,2.01,14,-3%,29%,209.1,230,249,298.8,75.2
14,JAC,Brian Thomas Jr.,WR,17,2.04,8,14%,30%,206.4,220,249,300.9,74.3
15,MIA,De'Von Achane,RB,17,1.12,12,2%,83%,204.4,247,259,287.2,68.6
16,PHI,A.J. Brown,WR,17,2.1,9,-12%,71%,207.5,216,236,285.3,67.4
17,DET,Amon-Ra St. Brown,WR,17,1.11,8,7%,40%,208.9,219,225,289.7,65.1
18,ATL,Drake London,WR,17,2.09,5,14%,87%,202.4,213,230,271.4,62.3
19,GB,Josh Jacobs,RB,17,2.03,5,-1%,80%,206.9,243,241,279,60.9
20,CIN,Tee Higgins,WR,17,3.07,10,2%,89%,190.3,210,232,264.5,60.3
21,LAR,Kyren Williams,RB,17,2.11,8,-10%,89%,203.9,230,232,294.3,59.4
22,TB,Bucky Irving,RB,17,2.05,9,-14%,29%,195.1,236,241,267.4,57.6
23,BAL,Lamar Jackson,QB,17,2.06,7,1%,43%,339.8,376,382,416.1,56.9
24,CIN,Chase Brown,RB,17,2.12,10,8%,24%,194.4,208,234,295.2,56.7
25,NYJ,Breece Hall,RB,17,3.05,9,-8%,48%,189.9,209,229,304.3,56.2
26,MIA,Tyreek Hill,WR,17,3.06,12,-4%,59%,167.4,198,217,284.8,54.9
27,LVR,Brock Bowers,TE,17,3.04,8,22%,29%,174.2,193,215,234.4,54.5
28,WAS,Jayden Daniels,QB,17,3.02,12,-8%,28%,334.1,361,384,414.8,54
29,BUF,Josh Allen,QB,17,2.08,7,-3%,12%,337.3,370,375,419.8,53
30,LAC,Ladd McConkey,WR,17,3.01,12,4%,55%,184.7,210,208,269.8,53
31,SEA,Kenneth Walker III,RB,17,4.08,8,-3%,42%,192.9,201,232,271.9,51.4
32,PHI,Jalen Hurts,QB,17,3.09,9,-16%,56%,333.2,356,379,412.7,50.9
33,ARI,Trey McBride,TE,17,3.1,8,-14%,47%,169.9,188,207,221.7,50.5
34,BUF,James Cook,RB,17,3.03,7,15%,32%,193.4,218,230,262.4,50.4
35,NO,Alvin Kamara,RB,17,4.01,11,12%,88%,178,203,234,264.7,49.4
36,TB,Mike Evans,WR,17,4.02,9,11%,82%,178.5,205,215,240.9,49.3
37,ARI,James Conner,RB,17,5.01,8,10%,88%,166.3,205,231,254.1,46
38,LAR,Davante Adams,WR,17,3.12,8,5%,44%,169.9,202,205,245.6,45.8
39,SF,George Kittle,TE,17,3.11,14,-16%,81%,157.4,188,185,225.9,45.1
40,LAC,Omarion Hampton,RB,17,4.09,12,-12%,0%,163.6,186,213,297.5,45
41,CAR,Chuba Hubbard,RB,17,4.04,14,40%,30%,177.3,197,224,260.3,44.9
42,KC,Rashee Rice,WR,15,4.1,10,1%,37%,141.1,169,207,263.5,42.4
43,ARI,Marvin Harrison Jr.,WR,17,4.07,8,-8%,43%,168.6,192,194,248.1,41.5
44,CHI,D.J. Moore,WR,17,5.03,5,-17%,45%,169.2,183,199,242.9,41.3
45,WAS,Terry McLaurin,WR,17,4.06,12,-3%,43%,172.6,189,198,232.1,40.1
46,PIT,D.K. Metcalf,WR,17,5.04,5,-7%,31%,173.7,185,197,234.9,39.9
47,NYJ,Garrett Wilson,WR,17,4.03,9,-3%,38%,175,180,190,249.2,39.6
48,SEA,Jaxon Smith-Njigba,WR,17,3.08,8,0%,40%,175.7,184,193,229.8,38.1
49,KC,Xavier Worthy,WR,17,6.01,10,1%,37%,163.2,175,190,239.1,36.4
50,MIA,Jaylen Waddle,WR,17,7.1,12,-4%,55%,157.7,163,195,237.5,35.9
51,PHI,DeVonta Smith,WR,17,5.12,9,-12%,82%,176.1,179,187,226.7,35.1
52,CAR,Tetairoa McMillan,WR,17,6.09,14,1%,0%,154.6,161,191,242.5,34.8
53,DEN,Courtland Sutton,WR,17,4.12,12,-5%,70%,169.9,178,193,216.3,34.7
54,CIN,Joe Burrow,QB,17,4.05,10,11%,63%,316.3,343,368,382.5,34.6
55,DET,Jameson Williams,WR,17,5.08,8,7%,43%,149.2,163,189,243.6,34
56,DET,Sam LaPorta,TE,17,5.05,8,-20%,54%,143.4,148,158,208,33.1
57,BAL,Zay Flowers,WR,17,6.02,7,8%,36%,169.2,170,192,213.4,32.9
58,DAL,George Pickens,WR,17,6.08,10,8%,35%,147.1,167,189,230,32.1
59,DET,David Montgomery,RB,17,5.02,8,-14%,81%,161.5,174,199,239.3,30.8
60,JAC,Travis Hunter,WR,17,7.02,8,14%,0%,131.5,155,178,254,29.9
61,KC,Isiah Pacheco,RB,17,6.03,10,-27%,90%,140,153,197,244.5,28.2
62,TEN,Calvin Ridley,WR,17,6.1,10,-15%,29%,148.7,164,184,203.8,27.7
63,HOU,Joe Mixon,RB,17,4.11,6,-16%,68%,128.7,187,189,247.9,27.5
64,MIN,Aaron Jones,RB,17,5.07,6,-16%,88%,147.1,171,189,233.8,27.5
65,IND,Zaire Franklin,LB,17,,11,12%,0%,120.2,154,154,184.9,27.3
66,TEN,Tony Pollard,RB,17,7.03,10,10%,35%,151.5,172,183,233.7,26.9
67,CHI,D'Andre Swift,RB,17,5.06,5,10%,67%,131.8,174,186,237.6,26.7
68,NE,TreVeyon Henderson,RB,17,5.1,14,11%,0%,139.3,162,181,247.8,26.5
69,BAL,Mark Andrews,TE,17,8.01,7,2%,61%,127.9,134,145,193.3,26.4
70,KC,Travis Kelce,TE,17,6.12,10,16%,36%,117.5,140,153,178.6,26.4
71,NO,Chris Olave,WR,17,7.05,11,1%,69%,135.6,152,176,225.5,26.3
72,WAS,Deebo Samuel,WR,17,7.09,12,-3%,87%,150.5,155,179,206.1,26.2
73,TB,Chris Godwin,WR,17,7.06,9,11%,74%,131,159,175,223.6,26.2
74,MIN,T.J. Hockenson,TE,17,6.04,6,9%,40%,130.2,136,145,185.2,26
75,DET,Brian Branch,DB,17,,8,-62%,0%,101.6,96,135,169.4,26
76,CLE,David Njoku,TE,17,8.11,9,-5%,51%,124.2,138,148,180.4,25.8
77,LVR,Jakobi Meyers,WR,17,9.09,8,-6%,67%,151.6,160,178,190.8,24.7
78,SF,Jauan Jennings,WR,17,9.03,14,-11%,14%,150.5,159,167,214.1,24.7
79,GB,Jayden Reed,WR,17,9.07,5,-10%,83%,151.4,148,172,209.9,24.6
80,MIN,Jordan Addison,WR,17,8.02,6,17%,70%,146.4,146,165,225.4,24.4
81,DEN,RJ Harvey,RB,17,5.09,12,-1%,0%,127.1,159,176,241.8,24.3
82,CHI,Rome Odunze,WR,17,7.08,5,-17%,61%,146.2,151,159,233.7,24.2
83,TB,Antoine Winfield Jr.,DB,17,,9,-20%,0%,96.1,125,128,171.8,23.4
84,CLE,Jerry Jeudy,WR,17,7.12,9,11%,45%,145.2,166,163,207.3,23.2
85,ARI,Budda Baker,DB,17,,8,-14%,38%,99.1,120,130,163,22.8
86,BAL,Roquan Smith,LB,17,,7,-81%,20%,122.5,157,146,175,22.7
87,WAS,Brian Robinson Jr.,RB,17,6.11,12,2%,46%,143.4,158,173,212.4,22.5
88,DAL,Micah Parsons,DL,17,,10,29%,0%,88.1,109,104,129.6,22.3
89,BUF,Khalil Shakir,WR,17,9.08,7,5%,30%,145.2,148,171,193.1,22.1
90,PIT,Kaleb Johnson,RB,17,6.05,5,-6%,0%,118.2,156,166,239.7,22.1
91,SF,Ricky Pearsall,WR,17,10.07,14,-11%,0%,129.9,137,148,233.3,19.7
92,GB,Tucker Kraft,TE,17,10.08,5,6%,26%,112.7,124,136,160.3,19.3
93,BUF,Dalton Kincaid,TE,17,11.01,7,-9%,52%,108.9,112,134,173.5,19
94,KC,Patrick Mahomes,QB,17,5.11,10,-1%,11%,292.7,318,333,365.9,18.8
95,DET,Aidan Hutchinson,DL,17,,8,-62%,0%,83.3,95,99,124,18.7
96,CHI,Kevin Byard,DB,17,,5,21%,0%,90.9,115,126,151.6,18.5
97,LAC,Daiyan Henley,LB,17,,12,-31%,0%,110.9,83,139,173.3,18.3
98,NE,Stefon Diggs,WR,17,8.06,14,-3%,32%,117.9,142,153,214.4,18
99,BAL,Kyle Hamilton,DB,17,,7,-81%,75%,95.7,119,120,155.6,17.8
100,HOU,Will Anderson Jr.,DL,17,,6,11%,0%,78.1,88,98,123,17.7
101,PHI,Zack Baun,LB,17,,9,-26%,0%,109.3,84,137,175,17.6
102,PIT,Jaylen Warren,RB,17,8.07,5,-6%,49%,123.3,147,162,189.8,17.4
103,PHI,Dallas Goedert,TE,17,11.06,9,-24%,76%,111.7,119,130,157.2,17.2
104,IND,Nick Cross,DB,17,,11,12%,0%,99,67,118,153.2,17.1
105,IND,Tyler Warren,TE,17,10.11,11,37%,0%,95,109,125,182.5,17
106,IND,Josh Downs,WR,17,10.12,11,3%,58%,132.9,135,151,200.8,16.7
107,LAC,Derwin James,DB,17,,12,-31%,66%,88.2,131,116,162.6,16.7
108,DAL,Jake Ferguson,TE,17,9.02,10,-16%,41%,104.9,119,134,146.6,16.4
109,DEN,Evan Engram,TE,17,7.11,12,-15%,33%,98.8,117,127,159.6,15.9
110,GB,Edgerrin Cooper,LB,17,,5,-39%,0%,107.2,70,134,174.1,15.9
111,ATL,Darnell Mooney,WR,17,11.1,5,14%,85%,132.5,141,151,186.8,15.6
112,IND,Michael Pittman Jr.,WR,17,10.05,11,3%,70%,134.3,136,146,197.1,15.4
113,JAC,Travis Etienne,RB,17,8.03,8,22%,40%,114.6,128,151,202.1,15.1
114,BUF,Keon Coleman,WR,17,11.12,7,5%,38%,122.8,134,141,211.7,14.8
115,NO,Rashid Shaheed,WR,17,13.11,11,1%,66%,129.2,138,145,196,14.8
116,GB,Matthew Golden,WR,17,10.1,5,-10%,0%,111.9,141,142,211.1,14.8
117,MIN,Jordan Mason,RB,17,8.1,6,-16%,14%,121.7,113,140,222.5,14.7
118,MIN,Andrew Van Ginkel,DL,17,,6,-7%,0%,73.1,74,97,113,14.6
119,NYG,Cameron Skattebo,RB,17,8.05,14,12%,0%,93.1,130,153,196.9,14.2
120,CHI,Jaquan Brisker,DB,17,,5,21%,0%,79.6,115,114,153.6,13.5
121,SEA,Cooper Kupp,WR,17,8.12,8,0%,54%,122.1,139,137,201.7,13.2
122,CLE,Quinshon Judkins,RB,17,7.01,9,-12%,0%,72.7,143,145,216.6,13.2
123,CLE,Myles Garrett,DL,17,,9,100%,0%,73.8,103,90,117.1,13
124,NYG,Tyrone Tracy Jr.,RB,17,7.04,14,12%,0%,96.7,141,144,187.6,12.8
125,LVR,Maxx Crosby,DL,17,,8,46%,0%,69.7,118,89,120.7,12.7
126,TB,Baker Mayfield,QB,17,6.06,9,22%,27%,278.3,316,316,357.4,12.6
127,NE,Robert Spillane,LB,17,,14,46%,0%,100.9,132,134,161.4,12.5
128,DEN,Bo Nix,QB,17,6.07,12,-5%,21%,276.8,307,322,350.8,12.2
129,WAS,Zach Ertz,TE,17,15.01,12,-10%,84%,92.2,114,120,146,12.2
130,CHI,Colston Loveland,TE,17,11.03,5,6%,0%,90.9,107,107,177.5,12.2
131,NYJ,Justin Fields,QB,17,9.11,9,-1%,87%,264.1,303,318,365.9,12
132,CAR,Derrick Brown,DL,17,,14,0%,0%,69.9,90,93,108.1,12
133,LAR,Jared Verse,DL,17,,8,-31%,0%,75.5,91,88,114.2,12
134,DEN,Brandon Jones,DB,17,,12,-33%,36%,82.9,118,109,152.8,11.9
135,BAL,Isaiah Likely,TE,17,14.02,7,2%,26%,93.3,103,114,160.4,11.8
136,LAR,Kamren Kinchens,DB,17,,8,-31%,0%,79.1,50,113,147,11.8
137,ARI,Kyler Murray,QB,17,8.09,8,-4%,33%,279.7,303,314,358.3,11.3
138,CIN,Logan Wilson,LB,17,,10,0%,29%,105.7,129,129,161.1,11.3
139,SF,Brandon Aiyuk,WR,17,10.01,14,-11%,45%,106.3,123,122,235.9,11.3
140,ATL,Kaden Elliss,LB,17,,5,-2%,0%,107,107,129,159.8,11.2
141,CLE,Carson Schwesinger,LB,17,,9,100%,0%,104,,127,164.9,11
142,ATL,Kyle Pitts,TE,17,12.05,5,2%,62%,92.5,102,110,161.9,10.9
143,NE,Hunter Henry,TE,17,14.12,14,3%,40%,98.6,104,113,150.7,10.9
144,KC,Marquise Brown,WR,17,13.06,10,1%,78%,116,122,141,189.5,10.9
145,NYG,Tyler Nubin,DB,17,,14,64%,0%,83.7,81,112,139.5,10.8
146,TEN,Tyjae Spears,RB,17,11.02,10,10%,29%,108.9,121,136,181.1,10.7
147,MIA,Jordyn Brooks,LB,17,,12,33%,0%,111.2,137,131,150.4,10.7
148,CIN,Trey Hendrickson,DL,17,,10,0%,0%,69.5,79,91,105.2,10.6
149,SF,Nick Bosa,DL,17,,14,-8%,0%,73.4,97,87,110.1,10.5
150,CLE,Grant Delpit,DB,17,,9,100%,19%,83,109,111,138.3,10.2
151,TEN,Jeffery Simmons,DL,17,,10,86%,0%,69.7,73,89,107.2,10.2
152,LVR,Jeremy Chinn,DB,17,,8,46%,29%,83.1,100,111,138.6,10.2
153,SF,Fred Warner,LB,17,,14,-8%,0%,106.6,149,125,163.1,10.1
154,PIT,T.J. Watt,DL,16,,5,1%,0%,69.7,118,92,113.8,10
155,IND,DeForest Buckner,DL,17,,11,12%,0%,64.5,95,90,105.7,9.9
156,CHI,Caleb Williams,QB,17,10.06,5,-22%,26%,268.7,291,316,354,9.7
157,JAC,Tank Bigsby,RB,17,10.04,8,22%,15%,98.9,101,127,202.9,9.7
158,PIT,Jonnu Smith,TE,17,9.1,5,12%,60%,89.5,100,108,156.3,9.6
159,TEN,Chigoziem Okonkwo,TE,17,18.01,10,-16%,29%,89.6,100,115,142.5,9.6
160,DAL,Javonte Williams,RB,17,10.09,10,-1%,80%,76.6,130,128,196.6,9.5
161,WAS,Austin Ekeler,RB,17,12.03,12,2%,36%,108.5,117,137,167.6,9.5
162,CIN,Mike Gesicki,TE,17,15.03,10,27%,23%,91.8,102,109,148.7,9.2
163,BUF,Terrel Bernard,LB,17,,7,-76%,0%,101.8,148,121,169.6,9.2
164,SEA,Ernest Jones,LB,17,,8,36%,0%,100.7,139,121,169.9,9.1
165,DEN,J.K. Dobbins,RB,17,9.06,12,-1%,24%,90.5,127,121,196.7,9
166,MIN,Jonathan Greenard,DL,17,,6,-7%,0%,63,86,88,105.1,8.9
167,HOU,Christian Kirk,WR,17,14.06,6,4%,86%,121.1,119,142,166.7,8.8
168,TB,Cade Otton,TE,17,14.1,9,15%,30%,93.5,101,114,134.5,8.8
169,ATL,Jessie Bates,DB,17,,5,-2%,0%,80.9,121,101,151.7,8.6
170,SEA,Julian Love,DB,17,,8,36%,0%,88.4,131,104,140.5,8.6
171,HOU,Jayden Higgins,WR,17,12.02,6,4%,0%,108.7,104,136,192.9,8.5
172,LAC,Justin Herbert,QB,17,10.03,12,-5%,69%,270.5,289,315,346,8.3
173,CAR,Demani Richardson,DB,17,,14,0%,0%,76.6,,109,136.9,8.3
174,PIT,DeShon Elliott,DB,17,,5,1%,0%,79.2,4,108,136.7,8.2
175,LVR,Germaine Pratt,LB,17,,8,46%,0%,93.5,122,117,175.3,7.8
176,DEN,Riley Moss,DB,17,,12,-33%,0%,76.9,5,107,136.7,7.7
177,SEA,Nick Emmanwori,DB,17,,8,36%,0%,68.5,,102,153.3,7.7
178,DAL,Brandon Aubrey,K,17,15.07,10,8%,0%,144.7,159,168,178.4,7.4
179,HOU,Dalton Schultz,TE,17,18.02,6,-7%,36%,87.5,96,107,138.6,7.1
180,TB,Emeka Egbuka,WR,17,11.05,9,11%,0%,105.9,111,128,192.7,7.1
181,LAC,Tre Harris,WR,17,12.07,12,4%,0%,96,124,128,192,7.1
182,NYG,Brian Burns,DL,16,,14,64%,0%,70.3,81,88,105.5,7
183,NE,Rhamondre Stevenson,RB,17,9.05,14,11%,56%,102.9,121,116,175.7,6.9
184,BUF,Buffalo Bills,DEF,17,16.12,7,-76%,0%,104.5,112,119,131.9,6.8
185,DAL,Dak Prescott,QB,17,8.08,10,16%,26%,273.6,289,307,347.4,6.7
186,GB,Romeo Doubs,WR,17,17.08,5,-10%,43%,112.6,110,137,168.9,6.7
187,JAC,Brenton Strange,TE,17,15.1,8,21%,20%,87.9,98,101,146.4,6.7
188,HOU,Danielle Hunter,DL,17,,6,11%,0%,70.8,103,80,104.5,6.6
189,NYJ,Jamien Sherwood,LB,17,,9,3%,0%,99.9,,119,160.5,6.6
190,CHI,Montez Sweat,DL,17,,5,21%,0%,66.3,83,83,99.4,6.4
191,WAS,Bobby Wagner,LB,16,,12,-22%,18%,103.6,149,122,151.1,6.4
192,SF,Brock Purdy,QB,17,10.02,14,-4%,25%,273.1,298,303,345.9,6.2
193,PIT,Pat Freiermuth,TE,17,16.01,5,12%,88%,84.8,96,99,146.9,6.1
194,BUF,Gregory Rousseau,DL,17,,7,-76%,0%,64.1,70,82,101.8,6.1
195,TB,Lavonte David,LB,17,,9,-20%,0%,100.2,130,122,152.8,6
196,NO,Juwan Johnson,TE,17,19.05,11,5%,39%,87.8,90,100,145.6,5.9
197,BAL,Baltimore Ravens,DEF,17,16.04,7,-81%,0%,103.7,109,114,134.5,5.9
198,JAC,Josh Hines-Allen,DL,17,,8,1%,13%,64.1,101,80,104.9,5.8
199,LAR,Quentin Lake,DB,17,,8,-31%,0%,78.7,81,105,131.1,5.7
200,NE,Kyle Dugger,DB,17,,14,46%,0%,78.5,115,105,130.9,5.7
201,LAC,Najee Harris,RB,17,8.04,12,-12%,28%,86.9,120,119,165.4,5.7
202,CAR,Josey Jewell,LB,17,,14,0%,41%,97,122,121,155.3,5.6
203,CHI,T.J. Edwards,LB,17,,5,21%,0%,97.8,148,122,152.9,5.6
204,DAL,Dallas Cowboys,DEF,17,19.1,10,29%,0%,102.9,109,114,131.4,5.6
205,TB,Rachaad White,RB,17,11.07,9,-14%,43%,96.9,106,118,165.4,5.3
206,DEN,Denver Broncos,DEF,17,15.08,12,-33%,0%,102.9,107,112,133,5.3
207,LAC,Quentin Johnston,WR,17,17.06,12,4%,38%,95.6,115,131,174.1,5.1
208,MIA,Darren Waller,TE,17,16.05,12,8%,82%,61.4,101,97,155.9,5.1
209,LAC,Cameron Dicker,K,17,16.03,12,-14%,0%,140.4,158,163,174.6,5.1
210,JAC,Trevor Lawrence,QB,17,14.01,8,29%,38%,270.7,278,304,346.7,5
211,HOU,Houston Texans,DEF,17,16.06,6,11%,0%,101.9,109,112,129.9,5
212,NE,Drake Maye,QB,17,11.04,14,-3%,20%,269.6,282,300,347.5,4.7
213,JAC,Bhayshul Tuten,RB,17,12.01,8,22%,0%,82.1,85,99,222.6,4.5
214,SEA,Zach Charbonnet,RB,17,9.01,8,-3%,64%,95,111,111,164.6,4.4
215,DEN,Marvin Mims Jr.,WR,17,13.05,12,-5%,23%,85.4,119,128,176,4.3
216,DET,Jared Goff,QB,17,7.07,8,7%,20%,275.7,285,300,341.7,4.3
217,BUF,Joshua Palmer,WR,17,18.06,7,5%,74%,107.5,94,124,182.9,4.3
218,BAL,Rashod Bateman,WR,17,15.02,7,8%,65%,107.4,119,122,173.3,4.2
219,GB,Green Bay Packers,DEF,17,22.01,5,-39%,0%,98.8,102,110,128.5,4.2
220,GB,Jordan Love,QB,17,9.04,5,-14%,20%,272.1,282,302,341.7,4
221,ATL,Younghoe Koo,K,17,21.04,5,11%,0%,134.4,144,162,171.6,3.9
222,CHI,Luther Burden III,WR,17,12.1,5,-17%,0%,90.3,95,129,183.2,3.8
223,PIT,Pittsburgh Steelers,DEF,17,16.02,5,1%,0%,100.3,105,107,132.3,3.8
224,KC,Kansas City Chiefs,DEF,17,16.11,10,-29%,0%,98,104,108,127.1,3.7
225,SF,San Francisco 49ers,DEF,17,20.02,14,-8%,0%,98.9,99,110,126.4,3.6
226,PHI,Philadelphia Eagles,DEF,17,15.11,9,-26%,0%,95.3,113,104,128.5,3.6
227,NYJ,Mason Taylor,TE,17,16.1,9,-12%,0%,78.8,86,94,143.6,3.5
228,WAS,Matt Gay,K,17,22.07,12,-4%,0%,137.6,150,156,175.2,3.5
229,DET,Jake Bates,K,17,16.08,8,-9%,0%,139.2,155,155,174.8,3.4
230,DET,Jack Campbell,LB,17,,8,-62%,0%,95.3,123,111,166.2,3.2
231,KC,Nick Bolton,LB,17,,10,-29%,0%,96.8,146,114,159.4,3.2
232,PHI,Jake Elliott,K,17,20.09,9,-26%,0%,139.2,150,156,172,3.1
233,CLE,Cedric Tillman,WR,17,16.09,9,11%,36%,91.6,110,117,189.1,2.9
234,GB,Brandon McManus,K,17,25.04,5,-22%,0%,139.2,147,155,173.3,2.9
235,KC,Harrison Butker,K,17,17.1,10,-23%,0%,142.3,147,151,175.6,2.8
236,HOU,Ka'imi Fairbairn,K,17,17.02,6,4%,0%,140.9,157,153,174.5,2.7
237,NYJ,New York Jets,DEF,17,24.01,9,3%,0%,99.6,94,108,125.6,2.5
238,SEA,Devon Witherspoon,DB,17,,8,36%,29%,79.3,124,99,128.8,2.3
239,NE,Harold Landry,DL,17,,14,46%,0%,56.8,95,81,93.3,2.3
240,CAR,Trevon Moehrig,DB,17,,14,0%,0%,80.4,89,100,125.6,2
241,MIN,Blake Cashman,LB,17,,6,-7%,0%,99,125,118,143.7,1.6
242,NO,Alontae Taylor,DB,17,,11,28%,0%,70.4,80,94,140.8,1.5
243,DAL,Jaydon Blue,RB,17,11.09,10,-1%,0%,75,74,106,170,1.4
244,PIT,Patrick Queen,LB,16,,5,1%,0%,98.7,133,118,142.2,1.3
245,NYG,Theo Johnson,TE,17,20.07,14,-25%,20%,69.9,83,88,143.3,1.2
246,JAC,Foyesade Oluokun,LB,17,,8,1%,0%,97.6,162,115,149.3,1.2
247,JAC,Cam Little,K,17,37.01,8,15%,0%,136.1,141,155,171.7,1.2
248,MIN,J.J. McCarthy,QB,17,11.08,6,-8%,18%,234.3,277,304,337.8,1.1
249,LAR,Kobie Turner,DL,17,,8,-31%,0%,60.3,71,75,98,0.9
250,MIN,Minnesota Vikings,DEF,17,12.04,6,-7%,0%,93.7,103,102,127.4,0.9
251,CHI,Cole Kmet,TE,17,23.01,5,6%,52%,73.4,77,88,141.4,0.8
252,NE,Kyle Williams,WR,17,14.11,14,-3%,0%,89.2,101,112,185.1,0.7
253,BUF,Ray Davis,RB,17,12.11,7,15%,0%,77.8,87,93,179.7,0.6
254,NYG,Abdul Carter,DL,17,,14,64%,0%,57.2,,73,102.7,0.6
255,SEA,Elijah Arroyo,TE,17,20.04,8,0%,0%,57.7,76,85,154.4,0.5
256,ATL,Tyler Allgeier,RB,17,14.04,5,-1%,21%,79.6,88,94,172.4,0.4
257,CLE,Dylan Sampson,RB,17,15.06,9,-12%,0%,73.2,77,93,178,0.4
258,HOU,C.J. Stroud,QB,17,9.12,6,4%,26%,266.8,269,293,337.1,0.3
259,NYG,Dexter Lawrence,DL,16,,14,64%,0%,58.8,68,78,102,0.3
260,CLE,Jerome Ford,RB,17,12.08,9,-12%,41%,72.9,93,100,157.7,0.2
261,CAR,Adam Thielen,WR,17,14.09,14,1%,45%,85,121,123,147.9,0.1
262,LVR,Christian Wilkins,DL,17,,8,46%,0%,53.1,91,71,106.2,0.1
263,CIN,Evan McPherson,K,17,18.07,10,-10%,0%,138.8,151,146,175.3,0.1
264,HOU,Nick Chubb,RB,17,12.06,6,-16%,74%,70.5,86,83,194.9,0
265,MIA,Zach Sieler,DL,17,,12,33%,0%,60.5,80,76,90.8,0
266,HOU,Azeez Al-Shaair,LB,17,,6,11%,0%,98,130,117,139.9,0
267,DAL,DaRon Bland,DB,17,,10,29%,0%,61.1,60,94,141,0
268,SEA,Seattle Seahawks,DEF,17,23.11,8,36%,0%,91.8,97,102,125.5,0
269,LVR,Daniel Carlson,K,17,23.06,8,22%,0%,139.1,138,150,170.5,0
270,TB,Chase McLaughlin,K,17,19.07,9,11%,0%,138.8,150,146,173.9,0
271,CAR,Xavier Legette,WR,17,17.01,14,1%,44%,89.8,102,121,160.2,-0.1
272,TEN,Cody Barton,LB,17,,10,86%,0%,96.4,95,118,138.8,-0.1
273,BAL,Tyler Loop,K,17,21.06,7,1%,0%,133.1,143,148,174.5,-0.1
274,TB,Tampa Bay Buccaneers,DEF,17,19.11,9,-20%,0%,91.7,98,102,122.3,-0.2
275,LAR,Los Angeles Rams,DEF,17,20.12,8,-31%,0%,92,99,101,123.3,-0.3
276,CLE,Cleveland Browns,DEF,17,24.05,9,100%,0%,93.6,95,102,126.1,-0.3
277,TB,Calijah Kancey,DL,17,,9,-20%,0%,51.1,44,73,102.3,-0.4
278,LVR,Jack Bech,WR,17,13.12,8,-6%,0%,91.3,101,111,175.9,-0.5
279,WAS,Mike Sainristil,DB,17,,12,-22%,0%,73.5,50,98,122.6,-0.5
280,ARI,Michael Wilson,WR,17,21.01,8,-8%,45%,103.3,102,122,139.8,-0.7
281,MIA,Ashtyn Davis,DB,17,,12,33%,0%,100.3,,100,100.3,-0.7
282,MIA,Jason Sanders,K,17,20.08,12,27%,0%,137.5,143,148,170.1,-0.7
283,DET,Detroit Lions,DEF,17,17.09,8,-62%,0%,90.5,100,99,125.2,-0.8
284,CHI,Roschon Johnson,RB,17,15.12,5,10%,31%,70.4,87,93,164,-1
285,UNS,Keenan Allen,WR,17,17.07,18,-,75%,88.5,94,121,157.6,-1
286,MIN,Josh Metellus,DB,17,,6,-7%,0%,76.1,104,91,131.4,-1.1
287,ARI,Trey Benson,RB,17,13.01,8,10%,23%,73.8,89,80,185.4,-1.2
288,NYG,Wan'Dale Robinson,WR,17,17.03,14,-3%,39%,95.8,111,117,147.2,-1.2
289,SF,Isaac Guerendo,RB,17,11.11,14,10%,0%,67.6,85,72,204.9,-1.3
290,CIN,Joseph Ossai,DL,17,,10,0%,0%,56.1,,64,111.5,-1.5
291,WAS,Frankie Luvu,LB,16,,12,-22%,21%,95.9,129,114,142.7,-1.5
292,NYG,New York Giants,DEF,17,19.12,14,64%,0%,89.6,104,97,122.7,-1.5
293,DEN,Wil Lutz,K,17,20.06,12,-10%,0%,137.6,144,146,172.8,-1.5
294,CLE,Diontae Johnson,WR,17,25.01,9,11%,80%,71.6,62,123,181.4,-1.6
295,GB,Quay Walker,LB,17,,5,-39%,0%,91.1,120,114,144.6,-1.6
296,MIA,Minkah Fitzpatrick,DB,17,,12,33%,0%,73.7,128,87,138.7,-1.7
297,DEN,Alex Singleton,LB,17,,12,-33%,0%,66.4,149,111,165.9,-1.8
298,NE,New England Patriots,DEF,17,20.03,14,46%,0%,91.4,83,102,125,-1.8
299,MIA,Jaylen Wright,RB,17,14.07,12,2%,28%,68.2,77,82,183.1,-1.9
300,GB,Xavier McKinney,DB,17,,5,-39%,0%,73.4,100,92,128.5,-1.9
301,ARI,Josh Sweat,DL,17,,8,-14%,0%,52.6,57,73,94.9,-1.9
302,UNS,Amari Cooper,WR,17,20.11,18,-,74%,87.3,94,116,159.5,-2
303,DEN,Zach Allen,DL,17,,12,-33%,0%,59.3,67,69,97.8,-2
304,LAR,Joshua Karty,K,17,29.07,8,2%,0%,136,142,146,172.5,-2
305,MIA,Tua Tagovailoa,QB,17,12.09,12,-14%,49%,255.9,256,291,334.5,-2.2
306,NYG,Darius Slayton,WR,17,20.1,14,-3%,74%,93.5,89,113,161.2,-2.3
307,NYG,Bobby Okereke,LB,16,,14,64%,0%,90.5,149,107,159.8,-2.3
308,JAC,Travon Walker,DL,17,,8,1%,0%,58.5,63,69,96.3,-2.5
309,ARI,Jalen Thompson,DB,17,,8,-14%,0%,71.4,92,89,133.9,-2.5
310,LAR,Omar Speights,LB,17,,8,-31%,0%,84.6,,113,146.7,-2.7
311,NE,Jabrill Peppers,DB,17,,14,46%,0%,76.6,112,96,114.9,-2.7
312,CAR,Jalen Coker,WR,17,24.07,14,1%,0%,89,78,117,164,-2.8
313,DEN,Jonathon Cooper,DL,17,,12,-33%,0%,58.1,72,73,87.2,-2.8
314,BUF,Taron Johnson,DB,17,,7,-76%,0%,73.3,99,92,123.8,-2.9
315,ARI,Chad Ryland,K,17,32.1,8,14%,0%,134.5,142,145,170.6,-2.9
316,BUF,Taylor Rapp,DB,17,,7,-76%,0%,70.3,98,94,121.8,-3
317,TB,Yaya Diaby,DL,17,,9,-20%,0%,57.1,74,71,91.3,-3.2
318,PHI,Reed Blankenship,DB,17,,9,-26%,0%,66.4,111,83,145.2,-3.3
319,NE,Demario Douglas,WR,17,18.08,14,-3%,63%,92.2,91,110,154.8,-3.4
320,HOU,Jalen Pitre,DB,17,,6,11%,0%,71.5,114,95,118.3,-3.4
321,UNS,Noah Fant,TE,17,26.05,18,-,64%,55.7,59,80,139.2,-3.5
322,ATL,Divine Deablo,LB,17,,5,-2%,0%,85.1,97,112,145.5,-3.5
323,PHI,Nolan Smith,DL,17,,9,-26%,0%,56.5,27,67,96.4,-3.6
324,SEA,Leonard Williams,DL,17,,8,36%,24%,57.8,62,72,86.7,-3.7
325,DEN,Nik Bonitto,DL,17,,12,-33%,0%,58,50,72,87,-3.7
326,MIA,Bradley Chubb,DL,17,,12,33%,0%,48,48,74,88.7,-3.7
327,BAL,Marlon Humphrey,DB,17,,7,-81%,51%,65.7,90,94,122,-3.7
328,PIT,Chris Boswell,K,17,17.05,5,-13%,0%,135.7,140,144,168.9,-3.7
329,NYJ,Braelon Allen,RB,17,13.09,9,-8%,35%,64,70,70,187.7,-3.8
330,DET,Kerby Joseph,DB,17,,8,-62%,0%,75.6,97,89,124.5,-3.9
331,WAS,Washington Commanders,DEF,17,23.1,12,-22%,0%,85.3,98,94,118.1,-4.1
332,BAL,Malaki Starks,DB,17,,7,-81%,0%,66.2,,88,132.3,-4.2
333,BAL,Justice Hill,RB,17,17.04,7,-9%,33%,73.8,76,96,120.8,-4.3
334,MIN,Jonathan Allen,DL,17,,6,-7%,18%,53.5,66,71,89.1,-4.3
335,IND,Indianapolis Colts,DEF,17,44.04,11,12%,0%,85.4,95,94,120.2,-4.3
336,LAR,Blake Corum,RB,17,15.09,8,-10%,31%,59.2,58,74,187.8,-4.4
337,PIT,Alex Highsmith,DL,16,,5,1%,0%,54.8,79,75,90.1,-4.5
338,CAR,Bryce Young,QB,17,13.1,14,23%,29%,249.9,246,287,333.2,-4.6
339,CAR,Ja'Tavion Sanders,TE,17,21.03,14,20%,0%,61,70,73,132.1,-4.6
340,CAR,D.J. Wonnum,DL,17,,14,0%,0%,56.6,65,71,84.8,-4.6
341,CIN,Cam Taylor-Britt,DB,17,,10,0%,0%,71.1,95,84,133.8,-4.6
342,DAL,Miles Sanders,RB,17,19.04,10,-1%,42%,57.9,69,71,179.9,-4.7
343,MIA,Tyrel Dodson,LB,17,,12,33%,0%,114.9,88,115,114.9,-4.7
344,KC,Elijah Mitchell,RB,17,21.09,10,-27%,91%,63.5,33,74,189.6,-4.8
345,CHI,Chicago Bears,DEF,17,21.1,5,21%,0%,85.5,97,92,119.5,-4.9
346,DEN,Dre Greenlaw,LB,17,,12,-33%,0%,73.1,45,104,164.9,-5
347,GB,MarShawn Lloyd,RB,17,17.12,5,-1%,21%,62,65,74,170.4,-5.1
348,IND,Alec Pierce,WR,17,18.03,11,3%,39%,92.5,95,97,165.5,-5.1
349,CAR,Rico Dowdle,RB,17,12.12,14,40%,21%,61.1,84,76,154.2,-5.1
350,BUF,Tyler Bass,K,17,18.11,7,-21%,0%,132.4,155,139,171.5,-5.1
351,TB,Jalen McMillan,WR,17,14.08,9,11%,0%,86.9,82,102,166.7,-5.2
352,TEN,Xavier Woods,DB,17,,10,86%,0%,65.1,84,93,117.2,-5.4
353,SEA,Tyrice Knight,LB,17,,8,36%,0%,84,,110,143.6,-5.5
354,CIN,Daxton Hill,DB,17,,10,0%,0%,68.5,97,91,118.7,-5.6
355,ATL,Jordan Fuller,DB,17,,5,-2%,28%,68.1,99,91,118,-5.6
356,NO,Kendre Miller,RB,17,25.07,11,12%,62%,55.8,71,74,163.8,-5.7
357,SEA,Jason Myers,K,17,32.07,8,-8%,0%,134.2,140,143,168.5,-5.7
358,PHI,Cooper DeJean,DB,17,,9,-26%,0%,69.5,49,83,132.5,-5.8
359,LAR,Tyler Higbee,TE,17,24.03,8,16%,0%,51.8,84,65,132.8,-5.9
360,KC,Kareem Hunt,RB,17,15.04,10,-27%,31%,58.5,71,73,163,-5.9
361,LAC,Los Angeles Chargers,DEF,17,29.09,12,-31%,0%,83.4,98,91,116.1,-5.9
362,LVR,Malcolm Koonce,DL,17,,8,46%,0%,49.2,79,67,91.1,-6.1
363,NYG,Jevon Holland,DB,17,,14,64%,0%,64.6,109,81,137.3,-6.3
364,GB,Nate Hobbs,DB,17,,5,-39%,0%,67,104,84,129.9,-6.3
365,NO,Carl Granderson,DL,17,,11,28%,0%,55.3,82,69,83,-6.4
366,CHI,Cairo Santos,K,17,30.07,5,16%,0%,134.4,129,145,170.5,-6.6
367,LVR,Geno Smith,QB,17,13.08,8,5%,53%,253.8,261,276,325.6,-6.7
368,MIA,Miami Dolphins,DEF,17,22.04,12,33%,0%,82.5,94,91,116.1,-6.7
369,GB,Dontayvion Wicks,WR,17,23.05,5,-10%,44%,72.4,75,97,172.9,-7
370,LAR,Terrance Ferguson,TE,17,21.11,8,16%,0%,54.3,37,68,145.8,-7
371,IND,Kenny Moore,DB,17,,11,12%,0%,67.7,100,83,128.1,-7
372,ARI,Arizona Cardinals,DEF,17,22.12,8,-14%,0%,82.7,95,90,114.2,-7
373,JAC,Jacksonville Jaguars,DEF,17,44.03,8,1%,0%,85,82,93,117.7,-7
374,NYJ,Quincy Williams,LB,17,,9,3%,0%,91.9,127,104,144,-7.1
375,NE,Anfernee Jennings,DL,17,,14,46%,0%,54.5,,68,81.8,-7.3
376,CHI,Dayo Odeyingbo,DL,17,,5,21%,0%,44.6,57,56,111.4,-7.3
377,LAR,Matthew Stafford,QB,17,13.03,8,4%,80%,245.3,258,273,332.5,-7.4
378,NE,Carlton Davis,DB,17,,14,46%,65%,66.8,74,89,115.8,-7.4
379,GB,Rashan Gary,DL,17,,5,-39%,0%,53.3,81,63,91.9,-7.6
380,TEN,Amani Hooker,DB,17,,10,86%,0%,70.6,87,88,114.7,-7.6
381,TEN,L'Jarius Sneed,DB,17,,10,86%,0%,70.6,96,88,114.7,-7.6
382,LAR,Jarquez Hunter,RB,17,19.01,8,-10%,0%,51.4,39,61,181.6,-7.8
383,NE,Christian Barmore,DL,17,,14,46%,0%,49.5,66,65,88.5,-7.9
384,LAC,Will Dissly,TE,17,40.03,12,-28%,24%,51.1,68,68,119.3,-8
385,PIT,Cameron Heyward,DL,16,,5,1%,0%,53.8,96,71,87.8,-8
386,MIN,Harrison Smith,DB,17,,6,-7%,0%,69.1,111,84,122.3,-8
387,NYG,Paulson Adebo,DB,17,,14,64%,0%,64,97,85,123.7,-8
388,KC,George Karlaftis,DL,17,,10,-29%,0%,54.3,75,65,84,-8.1
389,IND,Camryn Bynum,DB,17,,11,12%,0%,68,128,87,116,-8.2
390,ATL,Michael Penix Jr.,QB,17,13.04,5,19%,21%,249.3,253,271,330.6,-8.3
391,GB,Keisean Nixon,DB,17,,5,-39%,0%,66.3,80,88,114.9,-8.3
392,DAL,Donovan Wilson,DB,17,,10,29%,0%,67.6,111,84,122.5,-8.3
393,LAC,Khalil Mack,DL,17,,12,-31%,22%,55.4,101,63,86.9,-8.3
394,LAR,Byron Young,DL,17,,8,-31%,0%,52.6,78,64,86.6,-8.4
395,ATL,Atlanta Falcons,DEF,17,44.06,5,-2%,0%,82.2,84,90,114.7,-8.4
396,BUF,Matt Milano,LB,16,,7,-76%,18%,71.5,10,107,145.1,-8.5
397,NO,New Orleans Saints,DEF,17,44.01,11,28%,0%,83.2,79,91,114.3,-8.8
398,TEN,Cameron Ward,QB,17,13.02,10,-1%,0%,233.1,245,274,334.5,-8.9
399,TB,Zyon McCollum,DB,17,,9,-20%,0%,68.4,86,83,121,-8.9
400,LAC,Tuli Tuipulotu,DL,17,,12,-31%,0%,53.9,56,62,87.3,-8.9
401,JAC,Dyami Brown,WR,17,20.05,8,14%,29%,77.5,82,95,150.3,-9.1
402,MIN,Ivan Pace Jr.,LB,17,,6,-7%,0%,79.6,114,105,141.4,-9.1
403,DEN,Pat Bryant,WR,17,19.09,12,-5%,0%,81.7,58,93,167.1,-9.2
404,WAS,Jartavius Martin,DB,17,,12,-22%,0%,65.1,45,81,126.2,-9.2
405,DEN,Talanoa Hufanga,DB,17,,12,-33%,0%,65.6,62,82,122.9,-9.2
406,ATL,Ray-Ray McCloud,WR,17,25.06,5,14%,0%,80.8,74,108,126.1,-9.3
407,MIN,Will Reichard,K,17,23.03,6,-22%,0%,127.5,145,134,169.1,-9.3
408,SEA,Sam Darnold,QB,17,14.03,8,-2%,31%,248.9,245,271,324.6,-9.4
409,NO,Taysom Hill,TE,10,24.1,11,5%,81%,18.2,79,73,109.1,-9.5
410,TEN,Tyler Lockett,WR,17,22.08,10,-15%,26%,81.8,94,90,146.6,-9.5
411,HOU,Christian Harris,LB,17,,6,11%,0%,79.7,79,106,138.1,-9.6
412,LAR,Braden Fiske,DL,17,,8,-31%,0%,55.6,57,63,82.1,-9.6
413,CLE,Harold Fannin Jr.,TE,17,24.08,9,-5%,0%,46.6,44,58,142.9,-9.7
414,CAR,A'Shawn Robinson,DL,17,,14,0%,0%,53.2,61,66,76.4,-10
415,TEN,Tennessee Titans,DEF,17,43.12,10,86%,0%,80.3,79,88,111.1,-10
416,ATL,Leonard Floyd,DL,17,,5,-2%,0%,51.7,65,65,77.5,-10.1
417,NYG,Micah McFadden,LB,16,,14,64%,0%,79.4,94,104,141,-10.1
418,CHI,Kyler Gordon,DB,17,,5,21%,0%,64.3,4,86,111.4,-10.1
419,IND,Jaylon Jones,DB,17,,11,12%,0%,65,4,87,108.4,-10.2
420,IND,Kwity Paye,DL,17,,11,12%,0%,49.5,66,58,92.2,-10.2
421,LAC,Elijah Molden,DB,17,,12,-31%,0%,66.6,83,83,116.6,-10.2
422,PHI,Will Shipley,RB,17,18.1,9,-25%,29%,50.6,37,60,154.7,-10.3
423,SEA,AJ Barner,TE,17,29.03,8,0%,0%,44.9,53,60,126.9,-10.3
424,CAR,Trevor Etienne,RB,17,23.09,14,40%,0%,45.4,38,63,153.3,-10.3
425,KC,Chris Jones,DL,17,,10,-29%,0%,44.2,67,53,105.2,-10.3
426,GB,Christian Watson,WR,9,27.1,5,-10%,75%,30.4,61,41,81,-10.3
427,CAR,Carolina Panthers,DEF,17,44.05,14,0%,0%,80.4,79,88,112.1,-10.5
428,IND,DJ Giddens,RB,17,18.09,11,11%,0%,49.3,30,59,158.4,-10.6
429,NE,Milton Williams,DL,17,,14,46%,0%,42.4,,53,106.1,-10.7
430,IND,Spencer Shrader,K,17,,11,14%,0%,123.3,5,131,162.7,-10.7
431,MIN,Jalen Nailor,WR,17,27.03,6,17%,0%,74.6,71,93,149.1,-10.8
432,SF,Jordan James,RB,17,22.03,14,10%,0%,42.4,27,52,174.7,-10.8
433,KC,Noah Gray,TE,17,23.07,10,16%,0%,52.8,67,60,106.8,-10.9
434,HOU,Jo'Quavious Marks,RB,17,24.06,6,-16%,0%,54.7,21,68,136.7,-11
435,LAR,Kamren Curl,DB,17,,8,-31%,0%,64,125,85,110.9,-11
436,DAL,Kenneth Murray,LB,17,,10,29%,0%,83.5,85,102,137.5,-11
437,JAC,Tyson Campbell,DB,17,,8,1%,0%,63.4,93,79,122.8,-11.1
438,CIN,Tahj Brooks,RB,17,21.12,10,8%,0%,40,35,53,168.1,-11.1
439,ARI,Zaven Collins,DL,17,,8,-14%,0%,53.9,45,64,74.5,-11.2
440,IND,Laiatu Latu,DL,17,,11,12%,0%,46.9,69,55,96.6,-11.4
441,NO,Chase Young,DL,17,,11,28%,0%,46.7,47,55,96.2,-11.4
442,PIT,Darius Slay,DB,17,,5,1%,0%,60.9,81,87,106.2,-11.5
443,MIA,Ollie Gordon II,RB,17,23.04,12,2%,0%,39.4,33,53,162.8,-11.6
444,CLE,Denzel Ward,DB,17,,9,100%,46%,59.5,63,85,110.5,-11.6
445,PIT,Kenneth Gainwell,RB,17,29.12,5,-6%,21%,46.4,37,62,133,-11.8
446,CIN,Jordan Battle,DB,17,,10,0%,0%,50.6,102,84,118,-11.9
447,LVR,Las Vegas Raiders,DEF,17,44.02,8,46%,0%,76.3,82,84,108.9,-11.9
448,CIN,Cincinnati Bengals,DEF,17,22.09,10,0%,0%,76.1,93,84,107.8,-11.9
449,NE,Antonio Gibson,RB,17,24.02,14,11%,81%,55.4,38,62,124.9,-12
450,KC,Trent McDuffie,DB,17,,10,-29%,0%,62.7,90,78,121.5,-12
451,HOU,Kamari Lassiter,DB,17,,6,11%,0%,62.7,27,78,121.5,-12
452,PHI,Jalen Carter,DL,17,,9,-26%,0%,53.3,47,59,81.1,-12.2
453,KC,Charles Omenihu,DL,17,,10,-29%,0%,53.7,,63,72.6,-12.2
454,SF,Deommodore Lenoir,DB,17,,14,-8%,0%,58.7,54,84,109,-12.5
455,GB,Javon Bullard,DB,17,,5,-39%,0%,59,85,79,118.1,-12.6
456,NO,Justin Reid,DB,17,,11,28%,0%,63.4,95,83,108.5,-12.6
457,KC,Brashard Smith,RB,17,18.05,10,-27%,0%,35.9,22,51,164.3,-12.7
458,HOU,Jaylin Noel,WR,17,19.06,6,4%,0%,62.3,61,83,166.3,-12.8
459,BAL,DeAndre Hopkins,WR,17,13.07,7,8%,74%,78.5,86,87,130.8,-12.8
460,CHI,Tremaine Edmunds,LB,17,,5,21%,80%,86.1,108,101,131.7,-12.8
461,MIN,Byron Murphy,DB,17,,6,-7%,0%,86.4,93,86,86.4,-12.8
462,LVR,Raheem Mostert,RB,17,21.02,8,2%,89%,43.2,60,58,115.3,-12.9
463,DET,D.J. Reed,DB,17,,8,-62%,0%,63.1,89,84,105.2,-12.9
464,LAR,Tutu Atwell,WR,17,27.05,8,5%,36%,75.5,83,86,133.9,-13
465,HOU,Derek Stingley,DB,17,,6,11%,0%,55.8,82,74,130.3,-13
466,BUF,Ty Johnson,RB,17,31.08,7,15%,21%,49.8,62,56,111.9,-13.1
467,PHI,Jalyx Hunt,DL,17,,9,-26%,0%,37.4,13,50,104.6,-13.2
468,CIN,Samaje Perine,RB,17,30.01,10,8%,18%,49.2,39,68,102.5,-13.2
469,NE,Kayshon Boutte,WR,17,28.02,14,-3%,0%,61,59,94,140.7,-13.3
470,GB,Evan Williams,DB,17,,5,-39%,0%,58.7,,84,105.6,-13.3
471,NYJ,Will McDonald,DL,17,,9,3%,0%,45,39,56,87.2,-13.5
472,MIA,Ifeatu Melifonwu,DB,17,,12,33%,0%,84.8,,85,84.8,-13.6
473,NE,Austin Hooper,TE,17,38.09,14,3%,20%,49.2,50,58,98.3,-13.7
474,MIN,Dallas Turner,DL,17,,6,-7%,0%,35.8,58,51,102.3,-13.7
475,NE,Christian Gonzalez,DB,17,,14,46%,0%,56.5,89,75,124.3,-13.7
476,NYJ,Isaiah Davis,RB,17,31.11,9,-8%,0%,39.6,31,43,154.8,-13.8
477,LAC,Tyler Conklin,TE,17,21.08,12,-28%,29%,39.8,64,50,109.6,-13.8
478,NO,Devin Neal,RB,17,18.12,11,12%,0%,35.1,33,47,149.6,-13.9
479,NYG,Kayvon Thibodeaux,DL,16,,14,64%,0%,52.4,79,62,83.2,-13.9
480,CHI,Tyrique Stevenson,DB,17,,5,21%,0%,51.2,101,79,118.1,-13.9
481,MIA,Alexander Mattison,RB,17,26.11,12,2%,34%,39.7,38,50,132.5,-14
482,NYJ,Quinnen Williams,DL,17,,9,3%,0%,40.3,82,50,100.7,-14
483,NYJ,Brandon Stephens,DB,17,,9,3%,0%,65.6,86,82,102.4,-14
484,LAC,Oronde Gadsden II,TE,17,26.07,12,-28%,0%,36.1,17,49,145.9,-14
485,BAL,Mike Green,DL,17,,7,-81%,0%,34.2,,51,102,-14
486,NYJ,Josh Reynolds,WR,17,37.05,9,-3%,16%,60.2,64,86,147.1,-14.1
487,TB,Haason Reddick,DL,17,,9,-20%,0%,43.1,49,54,88.8,-14.2
488,NYJ,Tony Adams,DB,17,,9,3%,0%,57.8,91,83,103.3,-14.4
489,CIN,Andrei Iosivas,WR,17,26.01,10,2%,14%,69.3,70,82,144.3,-14.5
490,BUF,Christian Benford,DB,17,,7,-76%,0%,58.1,64,77,116.2,-14.5
491,IND,Charvarius Ward,DB,17,,11,12%,0%,58,86,77,116,-14.5
492,DAL,Osa Odighizuwa,DL,17,,10,29%,0%,50.4,46,57,77.3,-14.5
493,PIT,Joey Porter Jr.,DB,17,,5,1%,0%,60.6,65,81,105,-14.6
494,SF,Renardo Green,DB,17,,14,-8%,0%,63,38,79,106.3,-14.8
495,WAS,Jacory Croskey-Merritt,RB,17,25.02,12,2%,0%,27.1,25,39,166.7,-14.8
496,DAL,Phil Mafah,RB,17,32.05,10,-1%,0%,28.7,2,44,168,-14.9
497,JAC,Devin Lloyd,LB,17,,8,1%,0%,76.9,119,99,132.2,-15
498,NO,Foster Moreau,TE,17,42.11,11,5%,20%,43.8,53,55,93,-15
499,NYG,Devin Singletary,RB,17,27.12,14,12%,39%,48.3,38,54,107.4,-15
500,BAL,Justin Madubuike,DL,17,,7,-81%,0%,46.4,69,54,83.5,-15
501,LVR,Dont'e Thornton Jr.,WR,17,21.05,8,-6%,0%,54.2,69,72,169.8,-15.1
502,DEN,Jahdae Barron,DB,17,,12,-33%,0%,54.3,,78,112.4,-15.1
503,CHI,Kyle Monangai,RB,17,17.11,5,10%,0%,31.4,33,39,149.2,-15.2
504,LAC,Tarheeb Still,DB,17,,12,-31%,0%,56.4,,81,104.8,-15.2
505,NO,Demario Davis,LB,17,,11,28%,0%,77.7,107,97,136,-15.2
506,CIN,Zack Moss,RB,17,22.06,10,8%,69%,27.7,69,46,115.6,-15.3
507,LVR,Michael Mayer,TE,17,26.06,8,22%,77%,47.9,45,53,98.4,-15.3
508,TEN,Jarvis Brownlee Jr.,DB,17,,10,86%,0%,57.5,,82,102.6,-15.3
509,ARI,Akeem Davis-Gaither,LB,17,,8,-14%,0%,75.6,,100,129.4,-15.4
510,NO,Blake Grupe,K,17,34.08,11,10%,0%,123,137,130,161.9,-15.5
511,KC,Michael Danna,DL,17,,10,-29%,0%,44.9,62,56,78.6,-15.6
512,MIA,Nick Westbrook-Ikhine,WR,17,37.03,12,-4%,0%,60.7,75,76,144.1,-15.8
513,SEA,Boye Mafe,DL,17,,8,36%,0%,45.3,77,58,73.2,-15.8
514,IND,Adonai Mitchell,WR,17,23.02,11,3%,28%,55.4,57,62,184.6,-16
515,CLE,Mason Graham,DL,17,,9,100%,0%,50.3,,56,72.6,-16
516,WAS,Will Harris,DB,17,,12,-22%,0%,56,61,80,104,-16.1
517,UNS,Gabriel Davis,WR,17,43.09,18,-,42%,58.6,77,73,146.5,-16.3
518,UNS,Gus Edwards,RB,17,49.01,18,-,50%,49.3,25,58,89.9,-16.4
519,BAL,Keaton Mitchell,RB,17,23.08,7,-9%,29%,28.2,41,35,137.2,-16.5
520,PIT,Calvin Austin III,WR,17,22.05,5,-7%,23%,61.9,96,77,122.2,-16.5
521,WAS,Noah Brown,WR,17,39.07,12,-3%,0%,57.3,66,72,153.2,-16.5
522,IND,JT Tuimoloau,DL,17,,11,12%,0%,40.4,,50,90.8,-16.5
523,BUF,Cole Bishop,DB,17,,7,-76%,0%,39,50,78,116.9,-16.6
524,NE,Andres Borregales,K,17,39.08,14,4%,0%,123,115,131,164.9,-16.6
525,HOU,Cade Stover,TE,17,42.06,6,-7%,21%,30.1,27,46,122.5,-16.8
526,BAL,Odafe Oweh,DL,17,,7,-81%,0%,46.9,56,55,74.5,-16.8
527,PIT,Aaron Rodgers,QB,17,14.05,5,-19%,36%,240.1,231,250,320.2,-16.9
528,DEN,Troy Franklin,WR,17,28.06,12,-5%,23%,60.9,58,75,145.8,-17.1
529,LAR,Jordan Whittington,WR,17,27.01,8,5%,0%,57.8,60,74,149,-17.1
530,SEA,Uchenna Nwosu,DL,17,,8,36%,18%,43.9,78,56,73.1,-17.1
531,TEN,Arden Key,DL,17,,10,86%,0%,45,43,55,73.6,-17.2
532,GB,Luke Musgrave,TE,17,33.12,5,6%,32%,28.7,32,38,129.3,-17.5
533,BUF,Ed Oliver,DL,17,,7,-76%,0%,37,60,48,91.2,-17.6
534,PIT,Derrick Harmon,DL,16,,5,1%,0%,42.6,,53,90.5,-17.7
535,TEN,Joey Slye,K,17,34.05,10,-2%,0%,122.4,126,128,159.4,-17.7
536,DET,Alex Anzalone,LB,17,,8,-62%,0%,81.4,117,96,124.4,-17.8
537,NE,Mack Hollins,WR,17,37.1,14,-3%,12%,70,31,80,139.2,-17.9
538,BUF,Damar Hamlin,DB,17,,7,-76%,0%,19.9,57,80,119.4,-17.9
539,KC,Drue Tranquill,LB,17,,10,-29%,0%,77.5,108,95,127.6,-18.1
540,GB,Emanuel Wilson,RB,17,30.05,5,-1%,0%,34.9,43,48,83.6,-18.3
541,TB,Sean Tucker,RB,17,29.04,9,-14%,0%,26.5,36,44,101.7,-18.3
542,TB,Vita Vea,DL,17,,9,-20%,0%,45.1,3,56,67.7,-18.3
543,SEA,Marquez Valdes-Scantling,WR,17,28.08,8,0%,38%,63.7,65,76,125.1,-18.4
544,ARI,Walter Nolen,DL,17,,8,-14%,0%,37,,49,86.4,-18.5
545,PHI,A.J. Dillon,RB,17,24.12,9,-25%,34%,16.3,36,41,101.6,-18.7
546,JAC,Eric Murray,DB,17,,8,1%,0%,53.9,,77,100.1,-18.7
547,BUF,Dawson Knox,TE,17,40.12,7,-9%,64%,36.5,39,41,101.6,-18.8
548,GB,Lukas Van Ness,DL,17,,5,-39%,0%,40.4,52,50,80.8,-18.9
549,UNS,Gerald Everett,TE,17,68.1,18,-,38%,34.1,22,43,106.7,-19
550,ARI,Emari Demercado,RB,17,46.02,8,10%,18%,38.4,37,48,74.3,-19.1
551,PIT,Roman Wilson,WR,17,25.05,5,-7%,27%,57,42,76,138.3,-19.2
552,BUF,Curtis Samuel,WR,17,26.08,7,5%,83%,58,58,75,126.5,-19.3
553,MIA,Malik Washington,WR,17,39.01,12,-4%,0%,56.5,50,72,141.9,-19.3
554,NO,Brandin Cooks,WR,17,26.03,11,1%,34%,55,69,71,127,-19.5
555,CHI,Gervon Dexter,DL,17,,5,21%,0%,45.6,,54,66.3,-19.5
556,DEN,Audric Estime,RB,17,26.04,12,-1%,21%,24.4,32,38,99.6,-19.6
557,WAS,Ben Sinnott,TE,17,27.07,12,-10%,0%,26.4,33,30,126.1,-19.6
558,TEN,Gunnar Helm,TE,17,41.12,10,-16%,0%,30.3,21,38,114.9,-19.6
559,TB,Jamel Dean,DB,17,,9,-20%,0%,53,67,76,98.3,-19.6
560,NE,Marcus Jones,DB,17,,14,46%,0%,53.2,,76,98.8,-19.6
561,WAS,Jonathan Jones,DB,17,,12,-22%,0%,53,,76,98.4,-19.6
562,KC,Kristian Fulton,DB,17,,10,-29%,0%,52.4,65,75,101,-19.6
563,NYJ,Allen Lazard,WR,17,26.02,9,-3%,29%,51.5,76,69,127.1,-19.7
564,IND,Jaylon Carlies,DB,17,,11,12%,0%,34.9,,70,122.3,-19.7
565,DEN,Jaleel McLaughlin,RB,17,20.01,12,-1%,21%,39.1,32,50,65.2,-19.8
566,DEN,Devaughn Vele,WR,17,30.08,12,-5%,0%,47.7,63,71,135.3,-19.8
567,WAS,Jeremy McNichols,RB,17,68.03,12,2%,0%,26.9,23,34,107.7,-19.9
568,IND,Khalil Herbert,RB,17,28.04,11,11%,82%,24.8,49,29,100.8,-20.1
569,NO,Cam Akers,RB,17,39.05,11,12%,20%,35.7,30,44,74,-20.2
570,CIN,Geno Stone,DB,17,,10,0%,0%,46.7,79,72,107.9,-20.3
571,CAR,Michael Jackson,DB,17,,14,0%,0%,46.6,4,72,107.6,-20.3
572,SF,Ji'ayir Brown,DB,17,,14,-8%,0%,51.8,81,74,99.8,-20.5
573,DAL,KaVontae Turpin,WR,17,34.09,10,8%,0%,56.2,47,75,123.7,-20.6
574,TEN,Elic Ayomanor,WR,17,22.1,10,-15%,0%,51.1,44,64,147,-20.6
575,CAR,Tommy Tremble,TE,17,42.08,14,20%,0%,30.4,36,34,101.5,-20.7
576,HOU,Brevin Jordan,TE,17,59.08,6,-7%,32%,23.1,28,31,116.9,-20.8
577,JAC,LeQuint Allen,RB,17,33.02,8,22%,0%,20.5,13,27,123.2,-20.9
578,BUF,Maxwell Hairston,DB,17,,7,-76%,0%,43.1,,72,107.7,-20.9
579,CIN,Demetrius Knight Jr.,LB,17,,10,0%,0%,68.5,,91,132.5,-20.9
580,CHI,Jonathan Owens,DB,17,,5,21%,0%,36.3,,73,108.9,-21.1
581,SF,Richie Grant,DB,17,,14,-8%,0%,36.6,45,73,109.7,-21.1
582,HOU,Chauncey Gardner-Johnson,DB,17,,6,11%,0%,51.1,88,68,109.1,-21.4
583,CAR,Jaycee Horn,DB,17,,14,0%,42%,51.5,76,74,95.7,-21.4
584,DAL,Trevon Diggs,DB,17,,10,29%,31%,45.7,76,70,109.1,-21.4
585,WAS,Chris Rodriguez,RB,17,44.07,12,2%,38%,21.4,28,27,101.4,-21.5
586,SEA,DeMarcus Lawrence,DL,17,,8,36%,0%,35.4,65,54,65.3,-21.5
587,CAR,Mitchell Evans,TE,17,47.01,14,20%,0%,23.2,14,31,120.7,-21.5
588,HOU,Dameon Pierce,RB,17,32.02,6,-16%,35%,23,40,27,94.6,-21.6
589,DET,Tim Patrick,WR,17,45.06,8,7%,18%,53.2,43,71,127.6,-21.6
590,SEA,Damien Martinez,RB,17,28.11,8,-3%,0%,20.1,20,24,111.1,-21.6
591,DET,Terrion Arnold,DB,17,,8,-62%,0%,35.9,84,72,107.6,-22
592,ARI,Max Melton,DB,17,,8,-14%,0%,47.4,76,73,98.5,-22
593,JAC,Jourdan Lewis,DB,17,,8,1%,0%,47.4,64,73,98.5,-22
594,NE,Keion White,DL,17,,14,46%,0%,26.5,30,44,88.4,-22.1
595,TEN,Kalel Mullings,RB,17,40.08,10,10%,0%,18.1,18,24,108.6,-22.2
596,DET,Za'Darius Smith,DL,17,,8,-62%,0%,34.5,67,46,78.1,-22.2
597,DAL,Sam Williams,DL,17,,10,29%,0%,32.1,,43,85.7,-22.2
598,TEN,Josh Whyle,TE,17,37.06,10,-16%,0%,24.1,37,30,99.9,-22.3
599,SF,Demarcus Robinson,WR,17,24.11,14,-11%,0%,42.7,59,50,160.7,-22.3
600,DEN,Ja'Quan McMillian,DB,17,,12,-33%,0%,50.1,,72,96.6,-22.3
601,KC,Bryan Cook,DB,17,,10,-29%,0%,51.2,67,73,95,-22.3
602,MIN,Theo Jackson,DB,17,,6,-7%,0%,75.1,,75,75.1,-22.3
603,NO,Clyde Edwards-Helaire,RB,17,42.12,11,12%,40%,23.6,17,36,80,-22.4
604,BUF,A.J. Epenesa,DL,17,,7,-76%,0%,37.4,46,50,67.3,-22.4
605,DAL,Jalen Tolbert,WR,17,29.02,10,8%,0%,40.8,79,63,119.2,-22.5
606,JAC,Parker Washington,WR,17,39.03,8,14%,0%,59.8,47,66,123,-22.5
607,KC,Jalen Royals,WR,17,22.02,10,1%,0%,40.3,49,52,163.5,-22.5
608,NYJ,Ahmad Gardner,DB,17,,9,3%,0%,48.8,76,70,101.1,-22.5
609,WAS,Dorance Armstrong,DL,16,,12,-22%,0%,37.7,74,47,84.8,-22.8
610,TEN,Van Jefferson,WR,17,62.1,10,-15%,29%,56.1,40,67,124.3,-22.8
611,ARI,Michael Carter,RB,17,59.01,8,10%,30%,16.4,18,27,95.8,-22.9
612,WAS,Daron Payne,DL,16,,12,-22%,13%,37.2,54,46,88.3,-22.9
613,PHI,Kelee Ringo,DB,17,,9,-26%,0%,74,,74,74,-23.1
614,MIA,Chop Robinson,DL,17,,12,33%,0%,34.3,56,49,68.5,-23.2
615,DAL,Luke Schoonmaker,TE,17,40.09,10,-16%,29%,23,30,34,87.6,-23.4
616,HOU,Jimmie Ward,DB,17,,6,11%,0%,43.7,74,65,111,-23.5
617,NYG,Graham Gano,K,17,29.01,14,-4%,0%,117.2,113,121,160.7,-23.5
618,CIN,Drew Sample,TE,17,36.08,10,27%,24%,32.5,16,40,75.3,-23.6
619,SEA,Tory Horton,WR,17,25.1,8,0%,0%,41.2,48,54,147.3,-23.6
620,LAC,Alohi Gilman,DB,17,,12,-31%,0%,36.3,95,73,98,-23.7
621,CLE,Pierre Strong Jr.,RB,17,57.04,9,-12%,29%,21.9,10,28,79.9,-23.9
622,MIN,Ty Chandler,RB,17,42.01,6,-16%,29%,23.7,18,26,79.1,-24
623,NYG,Greg Dulcich,TE,17,44.12,14,-25%,78%,18.2,8,28,109.4,-24.1
624,UNS,Cordarrelle Patterson,RB,17,70.11,18,-,35%,22.5,23,33,63,-24.1
625,NO,Marcus Yarns,RB,17,,11,12%,0%,13.4,,19,84.4,-24.2
626,DET,Isaac TeSlaa,WR,17,26.12,8,7%,0%,40.4,37,54,150.9,-24.2
627,CLE,Dustin Hopkins,K,17,40.06,9,-12%,0%,119.7,123,123,160.4,-24.3
628,GB,Christopher Brooks,RB,17,48.03,5,-1%,0%,21.3,17,30,65.1,-24.4
629,NYJ,Stone Smartt,TE,17,45.02,9,-12%,0%,22.8,21,29,91.4,-24.4
630,WAS,Deatrich Wise,DL,16,,12,-22%,0%,41.5,63,52,68,-24.4
631,ARI,Elijah Higgins,TE,17,45.03,8,-14%,0%,24.7,28,33,77.5,-24.5
632,PIT,Payton Wilson,LB,16,,5,1%,0%,60,96,86,132.8,-24.5
633,CIN,B.J. Hill,DL,17,,10,0%,0%,37.1,64,49,61.8,-24.5
634,ARI,Garrett Williams,DB,17,,8,-14%,0%,49.3,3,66,98.7,-24.8
635,SEA,Derick Hall,DL,17,,8,36%,0%,36,51,48,62.3,-24.9
636,NYG,Deonte Banks,DB,17,,14,64%,0%,48.9,89,70,90.7,-24.9
637,DAL,Malik Hooker,DB,17,,10,29%,16%,48.8,49,70,90.6,-24.9
638,LVR,Sincere McCormick,RB,17,31.02,8,2%,0%,18,19,24,71.9,-25
639,WAS,Javon Kinlaw,DL,16,,12,-22%,0%,37.6,32,47,75.1,-25
640,DET,Craig Reynolds,RB,17,63.08,8,-14%,0%,18.4,15,24,70.9,-25.1
641,TEN,T'Vondre Sweat,DL,17,,10,86%,0%,38.3,44,48,59.8,-25.1
642,NYG,Russell Wilson,QB,12,18.04,14,-7%,38%,163,217,247,313.7,-25.4
643,KC,Chamarri Conner,DB,17,,10,-29%,0%,36.2,,72,94.1,-25.4
644,SF,Yetur Gross-Matos,DL,17,,14,-8%,0%,35.1,54,47,62.2,-25.5
645,LAR,Ahkello Witherspoon,DB,17,,8,-31%,0%,44.6,,69,92.7,-25.5
646,CIN,Tanner McLachlan,TE,17,77.07,10,27%,0%,21.5,15,27,90,-25.6
647,DET,Kalif Raymond,WR,17,43.11,8,7%,13%,54,33,60,120,-25.6
648,MIN,Javon Hargrave,DL,17,,6,-7%,0%,32.6,62,47,62.9,-25.6
649,DEN,Patrick Surtain II,DB,17,,12,-33%,0%,44.4,75,66,99.5,-25.7
650,PHI,Quinyon Mitchell,DB,17,,9,-26%,0%,44.7,74,64,102.3,-25.7
651,NO,Tyler Shough,QB,14,19.03,11,-4%,0%,170.6,212,244,314.5,-25.7
652,LAC,Raheim Sanders,RB,17,38.06,12,-12%,0%,12.6,2,17,89.2,-25.8
653,ARI,Baron Browning,DL,17,,8,-14%,0%,32,52,43,70.3,-25.8
654,PHI,Jihaad Campbell,LB,17,,9,-26%,0%,58.8,,90,122,-25.8
655,LAC,Kimani Vidal,RB,17,27.02,12,-12%,0%,11.3,26,19,68.9,-25.9
656,ATL,A.J. Terrell,DB,17,,5,-2%,30%,42.7,63,66,98.4,-25.9
657,ARI,Greg Dortch,WR,17,40.07,8,-8%,36%,46.2,51,58,112.7,-26
658,DEN,Blake Watson,RB,17,78.04,12,-1%,0%,7.5,,11,80.3,-26.1
659,CHI,Jaylon Johnson,DB,17,,5,21%,0%,50.5,64,67,90.9,-26.2
660,ARI,Darius Robinson,DL,17,,8,-14%,0%,30.8,25,44,68.2,-26.3
661,SEA,Byron Murphy II,DL,17,,8,36%,0%,32.3,43,43,68.8,-26.4
662,UNS,Jamaal Williams,RB,17,68.08,18,-,38%,15.6,10,24,59.9,-26.5
663,WAS,Luke McCaffrey,WR,17,26.1,12,-3%,11%,41.4,26,55,135.4,-26.5
664,NYJ,Andre Cisco,DB,17,,9,3%,0%,33.4,85,67,100.2,-26.5
665,GB,Savion Williams,WR,17,32.01,5,-10%,0%,40,30,50,140,-26.8
666,SEA,Jarran Reed,DL,17,,8,36%,0%,33.9,69,45,62.4,-26.8
667,LVR,Zamir White,RB,17,34.03,8,2%,30%,16,16,20,58.2,-26.9
668,DEN,Lucas Krull,TE,17,55.02,12,-15%,0%,20.7,14,31,69.6,-27.1
669,LVR,Elandon Roberts,LB,17,,8,46%,0%,66.1,94,87,117.4,-27.1
670,BUF,Joey Bosa,DL,16,,7,-76%,79%,27.2,81,42,83.8,-27.2
671,ARI,Calais Campbell,DL,17,,8,-14%,5%,36,,45,58.4,-27.3
672,PHI,Grant Calcaterra,TE,17,47.12,9,-24%,0%,16.9,29,24,74.8,-27.4
673,NO,Kool-Aid McKinstry,DB,17,,11,28%,0%,33,38,66,98.9,-27.4
674,DET,Ennis Rakestraw Jr.,DB,17,,8,-62%,0%,32.9,34,66,98.7,-27.4
675,NE,Kendrick Bourne,WR,17,46.08,14,-3%,29%,52.7,38,61,96.9,-27.5
676,BUF,Elijah Moore,WR,17,30.12,7,5%,69%,37.5,44,46,132.6,-27.7
677,WAS,Michael Gallup,WR,17,34.12,12,-3%,21%,29.6,24,54,134.7,-27.7
678,PIT,Darnell Washington,TE,17,39.11,5,12%,26%,20.6,22,27,64.9,-27.8
679,DAL,Deuce Vaughn,RB,17,52.1,10,-1%,0%,9,8,13,68.5,-27.9
680,DAL,Dante Fowler,DL,17,,10,29%,7%,32.1,60,43,62.1,-27.9
681,MIA,Pharaoh Brown,TE,17,39.04,12,8%,0%,15.9,23,29,62.7,-27.9
682,TEN,Jordan Mims,RB,16,51.09,10,10%,0%,11.9,14,18,51.3,-28.1
683,LVR,Tre Tucker,WR,17,28.12,8,-6%,0%,38.3,68,51,102,-28.1
684,KC,Leo Chenal,LB,17,,10,-29%,0%,63.5,58,84,120.3,-28.1
685,SF,Mykel Williams,DL,17,,14,-8%,0%,29.1,,39,71.4,-28.1
686,DAL,Malik Davis,RB,17,54.01,10,-1%,0%,7.8,10,13,55.6,-28.2
687,DEN,Adam Trautman,TE,17,38.05,12,-15%,26%,17.7,25,24,66.2,-28.3
688,NYJ,Jeremy Ruckert,TE,17,43.08,9,-12%,0%,19,24,24,66.6,-28.3
689,TEN,Chimere Dike,WR,17,25.03,10,-15%,0%,43,42,54,107.4,-28.3
690,DET,Tyleik Williams,DL,17,,8,-62%,0%,31.3,,42,62.5,-28.4
691,MIN,Josh Oliver,TE,17,41.06,6,9%,19%,15.5,31,22,67.6,-28.5
692,SEA,Tariq Woolen,DB,17,,8,36%,0%,40.7,83,63,93.8,-28.6
693,ATL,James Pearce,DL,17,,5,-2%,0%,26,,40,69.9,-28.6
694,BAL,Devontez Walker,WR,17,36.05,7,8%,21%,26.1,17,45,150.9,-28.7
695,KC,Jake Briningstool,TE,17,,10,16%,0%,9.5,,14,81.4,-28.7
696,CHI,Grady Jarrett,DL,17,,5,21%,0%,29.8,51,43,59.7,-28.8
697,ARI,DeeJay Dallas,RB,17,62.02,8,10%,0%,9.4,13,13,50.3,-28.9
698,DET,Brock Wright,TE,17,57.12,8,-20%,0%,17.8,34,23,57,-28.9
699,NO,Pete Werner,LB,17,,11,28%,0%,68.5,88,86,109.7,-29
700,DET,Alim McNeill,DL,17,,8,-62%,0%,32.6,43,43,58.7,-29
701,PHI,Keilan Robinson,RB,16,76.07,9,-25%,0%,8.1,9,12,51.8,-29.2
702,MIA,Julian Hill,TE,17,46.1,12,8%,0%,14.2,28,24,57.9,-29.2
703,IND,Daniel Jones,QB,10,19.08,11,10%,44%,138.2,193,230,347.8,-29.2
704,DEN,Tyler Badie,RB,17,55.09,12,-1%,0%,6.5,6,10,60.2,-29.3
705,ATL,Arnold Ebiketie,DL,17,,5,-2%,0%,29.5,35,42,61.1,-29.3
706,DAL,Jonathan Mingo,WR,17,81.03,10,8%,59%,44.4,7,51,127.5,-29.4
707,HOU,Tim Settle,DL,17,,6,11%,0%,31.4,,42,58.5,-29.4
708,WAS,Jer'Zhan Newton,DL,16,,12,-22%,0%,31.8,36,42,59.4,-29.4
709,UNS,Tyler Boyd,WR,17,42.05,18,-,31%,45.2,37,53,101.1,-29.6
710,DEN,Caleb Lohner,TE,17,72.11,12,-15%,0%,11,21,16,74.2,-29.6
711,LAR,Chris Paul Jr.,LB,17,,8,-31%,0%,55.9,,80,127.9,-29.7
712,NYG,Daniel Bellinger,TE,17,49.03,14,-25%,29%,15.1,22,19,66,-29.8
713,KC,JuJu Smith-Schuster,WR,17,44.11,10,1%,72%,30.7,40,38,138.2,-29.8
714,JAC,Johnny Mundt,TE,17,67.12,8,21%,0%,22.3,16,26,52.4,-29.8
715,MIN,Tai Felton,WR,17,25.09,6,17%,0%,37.7,40,47,113,-29.9
716,CAR,Nic Scourton,DL,17,,14,0%,0%,26.8,,36,71.4,-29.9
717,LAC,Hassan Haskins,RB,17,48.01,12,-12%,22%,8.1,7,12,43.9,-30
718,SF,Israel Abanikanda,RB,17,53.05,14,10%,35%,5.7,6,8,57.1,-30
719,JAC,Darnell Savage,DB,17,,8,1%,0%,41.7,77,64,86.5,-30
720,LAR,Darious Williams,DB,17,,8,-31%,0%,41.9,79,64,87,-30
721,NYJ,Michael Carter II,DB,17,,9,3%,0%,41.8,,64,86.8,-30
722,IND,Tyler Goodson,RB,17,55.1,11,11%,0%,8.1,19,14,31.1,-30.1
723,NO,Bryan Bresee,DL,17,,11,28%,0%,27.4,39,42,58.9,-30.1
724,PHI,Harrison Bryant,TE,17,62.11,9,-24%,21%,17.2,8,20,70.8,-30.1
725,PHI,Kylen Granson,TE,17,47.07,9,-24%,20%,15.8,11,20,68,-30.1
726,PHI,Azeez Ojulari,DL,17,,9,-26%,0%,43.7,56,44,43.7,-30.1
727,CIN,Jermaine Burton,WR,17,30.03,10,2%,54%,20.2,37,39,138.2,-30.3
728,PIT,Robert Woods,WR,17,39.12,5,-7%,59%,31.8,37,45,120.3,-30.3
729,UNS,Treylon Burks,WR,17,46.07,18,-,59%,33.2,29,47,123.8,-30.4
730,ATL,Joshua Simon,TE,17,,5,2%,0%,10.8,,14,72.3,-30.4
731,GB,Karl Brooks,DL,17,,5,-39%,0%,22.4,39,32,79.9,-30.6
732,HOU,Luke Lachey,TE,17,28.01,6,-7%,0%,12.4,5,16,79.2,-30.6
733,TB,Tykee Smith,DB,17,,9,-20%,0%,37.9,,63,88.5,-30.6
734,GB,Devonte Wyatt,DL,17,,5,-39%,0%,27.6,,39,63.1,-30.7
735,BAL,Charlie Kolar,TE,17,57.01,7,2%,17%,13.1,16,19,61.7,-30.8
736,PIT,Jalen Ramsey,DB,17,,5,1%,0%,41.1,94,63,85.4,-30.8
737,PHI,Montrell Johnson Jr.,RB,17,,9,-25%,0%,6.8,,9,34,-30.8
738,NYJ,Malachi Corley,WR,17,48.05,9,-3%,25%,30.9,39,41,121.4,-30.9
739,GB,Kenny Clark,DL,17,,5,-39%,0%,29.1,65,39,60.1,-30.9
740,NYJ,Arian Smith,WR,17,42.1,9,-3%,0%,29.5,21,42,130.7,-31.1
741,IND,Jelani Woods,TE,17,55.07,11,37%,78%,9,20,20,56.9,-31.2
742,ATL,D.J. Chark Jr.,WR,17,46.12,5,14%,55%,33.3,18,43,123.7,-31.4
743,TEN,Julius Chestnut,RB,17,54.11,10,10%,0%,5.6,10,7,34.9,-31.5
744,KC,Carson Steele,RB,17,77.12,10,-27%,0%,6.4,14,8,28,-31.7
745,LAR,Davis Allen,TE,17,81.1,8,16%,0%,15,6,18,60.1,-31.7
746,JAC,Arik Armstead,DL,17,,8,1%,0%,25.9,58,32,74.3,-31.7
747,TB,Devin Culp,TE,17,46.01,9,15%,0%,10.2,15,17,59.5,-31.8
748,LAR,Colby Parkinson,TE,17,48.02,8,16%,0%,15.9,18,19,48.6,-31.9
749,CAR,Hunter Renfrow,WR,17,33.07,14,1%,29%,28.8,21,44,119.8,-32
750,ATL,Jase McClellan,RB,17,77.1,5,-1%,0%,4.5,6,7,33.7,-32.1
751,UNS,Nelson Agholor,WR,17,52.03,18,-,42%,43.1,17,51,96.3,-32.1
752,MIN,Harrison Phillips,DL,17,,6,-7%,0%,29.2,70,36,60.5,-32.1
753,NYG,Eric Gray,RB,17,81.05,14,12%,0%,4.8,6,7,28.6,-32.2
754,BUF,Jackson Hawes,TE,17,73.05,7,-9%,0%,12,12,15,59.8,-32.2
755,ATL,Mike Hughes,DB,17,,5,-2%,20%,41.1,45,63,79.1,-32.3
756,ARI,Tip Reiman,TE,17,76.09,8,-14%,0%,11.2,10,15,59.8,-32.4
757,BAL,Jaire Alexander,DB,17,,7,-81%,0%,40.7,69,51,101.8,-32.5
758,KC,Jared Wiley,TE,17,45.1,10,16%,0%,8.1,10,14,61.1,-32.6
759,TB,Payne Durham,TE,17,81.02,9,15%,0%,7.7,22,13,56.1,-32.6
760,BAL,Nate Wiggins,DB,17,,7,-81%,0%,39.6,47,61,82.2,-32.6
761,DAL,Marshawn Kneeland,DL,17,,10,29%,0%,22.6,46,32,72.7,-32.6
762,TEN,Roger McCreary,DB,17,,10,86%,0%,39.9,82,61,82.8,-32.6
763,IND,Andrew Ogletree,TE,17,43.1,11,37%,0%,9.4,21,13,57.8,-32.7
764,LVR,Dylan Laube,RB,17,47.05,8,2%,17%,5.9,5,11,13.9,-32.8
765,ATL,David Onyemata,DL,17,,5,-2%,0%,29,61,39,52.1,-32.8
766,LAC,Bud Dupree,DL,17,,12,-31%,30%,41,,41,41,-32.8
767,IND,Mo Alie-Cox,TE,17,68.11,11,37%,24%,25.3,13,25,25.3,-32.9
768,RK,Isaiah Bond,WR,17,,18,-,0%,3.5,28,35,140.1,-33
769,NYJ,Donovan Edwards,RB,17,48.07,9,-8%,0%,10,2,10,10,-33.2
770,NYG,Thomas Fidone II,TE,17,41.1,14,-25%,0%,7.9,22,11,52.7,-33.2
771,WAS,John Bates,TE,17,58.08,12,-10%,0%,13.3,9,18,44.2,-33.4
772,ATL,Charlie Woerner,TE,17,61.01,5,2%,0%,9.7,13,16,48.5,-33.5
773,LAC,Derius Davis,WR,17,80.12,12,4%,0%,28.7,30,41,104.5,-33.5
774,KC,Ashton Gillotte,DL,17,,10,-29%,0%,23.1,,33,66,-33.5
775,DAL,Brevyn Spann-Ford,TE,17,77.08,10,-16%,0%,10.1,14,13,47.8,-33.8
776,ARI,Zay Jones,WR,17,42.09,8,-8%,58%,34.2,31,40,100.7,-33.8
777,IND,Will Mallory,TE,17,81.06,11,37%,0%,8.5,11,12,54.9,-33.9
778,ATL,Jalon Walker,LB,17,,5,-2%,0%,59.3,,77,115.5,-33.9
779,NYJ,Jermaine Johnson,DL,17,,9,3%,0%,15.1,83,30,75.7,-34
780,TEN,Dre'mont Jones,DL,17,,10,86%,0%,24.2,50,30,69.6,-34
781,DEN,Nate Adkins,TE,17,35.06,12,-15%,0%,10.8,16,15,40.2,-34.3
782,SEA,Robbie Ouzts,TE,17,73.06,8,0%,0%,8.2,47,10,30.7,-34.3
783,NE,Jaheim Bell,TE,17,77.06,14,3%,0%,8.2,11,11,50.3,-34.5
784,LVR,Tyree Wilson,DL,17,,8,46%,0%,25.4,45,36,54.4,-34.6
785,LAC,Donte Jackson,DB,17,,12,-31%,0%,29,71,58,87,-34.6
786,WAS,Marshon Lattimore,DB,17,,12,-22%,0%,28.8,64,58,86.4,-34.6
787,HOU,Denico Autry,DL,17,,6,11%,0%,24.9,46,36,51.5,-35
788,NO,Moliki Matavao,TE,17,44.1,11,5%,0%,7.7,20,11,44.2,-35
789,PHI,Jahan Dotson,WR,17,39.09,9,-12%,48%,22.8,35,33,104.4,-35.2
790,TEN,Xavier Restrepo,WR,17,25.11,10,-15%,0%,21.7,25,30,120.4,-35.2
791,KC,Jaylen Watson,DB,17,,10,-29%,0%,37.6,,58,78,-35.3
792,HOU,Calen Bullock,DB,17,,6,11%,0%,37.5,,58,77.8,-35.3
793,PIT,Nick Herbig,DL,16,,5,1%,0%,25,35,31,76.6,-35.4
794,LVR,Jakorian Bennett,DB,17,,8,46%,0%,38.7,65,55,82.9,-35.6
795,MIA,Jaelan Phillips,DL,17,,12,33%,0%,12.9,51,26,77.5,-35.6
796,MIN,Gavin Bartholomew,TE,17,73.02,6,9%,0%,8.2,14,11,38.2,-35.6
797,ARI,Jordan Burch,DL,17,,8,-14%,0%,20.4,,31,62.9,-35.9
798,SF,Jacob Cowing,WR,17,32.09,14,-11%,0%,20.3,4,31,125.1,-36.1
799,CAR,Trevin Wallace,LB,17,,14,0%,0%,58.2,53,77,107.3,-36.1
800,CIN,T.J. Slaton,DL,17,,10,0%,0%,26.9,,36,46.6,-36.1
801,NYG,Jalin Hyatt,WR,17,38.12,14,-3%,45%,19.8,26,30,112.7,-36.2
802,KC,Felix Anudike-Uzomah,DL,17,,10,-29%,0%,16.5,26,33,59.4,-36.2
803,MIA,Kenneth Grant,DL,17,,12,33%,0%,24.1,,30,60.1,-36.3
804,PIT,Connor Heyward,TE,17,56.05,5,12%,0%,6.4,20,9,29.9,-36.7
805,HOU,John Metchie,WR,17,42.07,6,4%,29%,22.1,29,34,93.2,-36.9
806,ARI,Mack Wilson,LB,17,,8,-14%,0%,53,57,76,109.8,-36.9
807,NYJ,Nick Folk,K,13,63.1,9,16%,0%,84,44,99,172.9,-36.9
808,TB,Sterling Shepard,WR,17,69.05,9,11%,0%,28.4,19,36,88.9,-37.1
809,MIA,Kader Kohou,DB,17,,12,33%,0%,35.2,54,53,81.4,-37.1
810,WAS,Jaylin Lane,WR,17,31.03,12,-3%,0%,22.7,24,30,102.9,-37.2
811,SEA,Ricky White,WR,17,46.04,8,0%,0%,21.2,,27,92.8,-37.2
812,CHI,Durham Smythe,TE,17,52.02,5,6%,21%,8,9,11,28.5,-37.3
813,SF,Jordan Watkins,WR,17,29.08,14,-11%,0%,19,5,27,122.2,-37.3
814,CAR,Princely Umanmielen,DL,17,,14,0%,0%,13.3,,27,66.3,-37.6
815,ATL,Bralen Trice,DL,17,,5,-2%,0%,17,,34,51,-37.7
816,NE,Ja'Lynn Polk,WR,17,48.12,14,-3%,0%,18.6,18,31,92.8,-37.9
817,MIN,Rondale Moore,WR,17,59.02,6,17%,72%,42.5,40,43,42.5,-38.1
818,TB,Tez Johnson,WR,17,38.01,9,11%,0%,21.2,29,30,99.9,-38.2
819,CLE,Dalvin Tomlinson,DL,17,,9,100%,0%,24.9,,31,49.7,-38.2
820,NYG,Jaxson Dart,QB,4,19.02,14,-7%,0%,33.3,83,67,109.3,-38.4
821,LAC,Junior Colson,LB,17,,12,-31%,0%,60,58,71,110.8,-38.4
822,CIN,Myles Murphy,DL,17,,10,0%,0%,18.6,27,23,69.9,-38.4
823,LAC,KeAndre Lambert-Smith,WR,17,35.05,12,4%,0%,23.5,8,31,100.1,-38.5
824,DET,Josh Paschal,DL,17,,8,-62%,0%,24.9,,31,48.3,-38.6
825,PIT,Keeanu Benton,DL,16,,5,1%,0%,27.6,44,37,47.9,-38.9
826,CLE,Michael Hall Jr.,DL,17,,9,100%,0%,22.9,,33,42.5,-39.1
827,BUF,Michael Hoecht,DL,10,,7,-76%,0%,28.2,81,56,81.3,-39.1
828,PHI,Nakobe Dean,LB,17,,9,-26%,0%,24.4,54,81,110.5,-39.3
829,CIN,DJ Turner II,DB,17,,10,0%,0%,35.6,,51,76.2,-39.3
830,HOU,Justin Watson,WR,17,65.11,6,4%,29%,20.4,13,26,96.9,-39.3
831,NE,Javon Baker,WR,17,49.06,14,-3%,0%,17.9,10,30,92.4,-39.5
832,CLE,Greg Newsome,DB,17,,9,100%,0%,39.3,4,49,76.2,-39.8
833,CHI,Olamide Zaccheaus,WR,17,46.03,5,-17%,9%,26.8,35,34,60.1,-39.9
834,KC,Elijhah Badger,WR,17,72.06,10,1%,0%,13.2,15,19,94.4,-39.9
835,GB,Mecole Hardman,WR,17,35.03,5,-10%,86%,21.5,9,27,84.6,-40.8
836,NYJ,Micheal Clemons,DL,17,,9,3%,0%,23.8,,30,40.2,-41.1
837,SF,Bryce Huff,DL,17,,14,-8%,0%,17,56,23,56.6,-41.4
838,LAR,Troy Reeder,LB,17,,8,-31%,0%,36.7,93,73,110,-41.5
839,CLE,David Bell,WR,17,57.03,9,11%,0%,17.2,19,27,72.9,-41.6
840,SEA,Coby Bryant,DB,17,,8,36%,0%,29.8,19,43,85.3,-41.7
841,NO,Bub Means,WR,17,76.08,11,1%,0%,17.2,34,27,61,-41.8
842,DET,D.J. Reader,DL,17,,8,-62%,0%,19.3,39,30,40.2,-41.8
843,LAC,Da'Shawn Hand,DL,17,,12,-31%,0%,19.4,,30,40.3,-41.8
844,NE,Jahlani Tavai,LB,17,,14,46%,0%,60.5,111,71,96.2,-41.9
845,DAL,Donovan Ezeiruaku,LB,17,,10,29%,0%,49.9,,66,111.6,-42.1
846,SEA,Jake Bobo,WR,17,45.12,8,0%,0%,18.3,27,26,65.5,-42.2
847,NO,Mason Tipton,WR,17,75.11,11,1%,0%,17.7,,25,63.3,-42.3
848,ATL,Ruke Orhorhoro,DL,17,,5,-2%,0%,14.3,20,29,42.9,-42.4
849,NO,Kevin Austin Jr.,WR,17,56.01,11,1%,0%,18.4,31,26,60.6,-42.5
850,BUF,Landon Jackson,DL,16,,7,-76%,0%,12.5,,25,67.7,-42.5
851,PHI,Johnny Wilson,WR,17,48.11,9,-12%,28%,12.8,11,17,93.5,-42.6
852,KC,Skyy Moore,WR,17,56.09,10,1%,84%,9,34,15,82.3,-42.9
853,SF,Greg Joseph,K,12,47.02,14,7%,0%,88.5,43,97,184.7,-43.4
854,PIT,Jack Sawyer,DL,16,,5,1%,0%,12.8,,26,64,-43.5
855,ARI,Starling Thomas V,DB,17,,8,-14%,0%,37.3,,47,62.9,-44
856,GB,Bo Melton,WR,17,,5,-10%,25%,12.1,14,17,78.9,-44.2
857,NO,Cedrick Wilson,WR,17,66.09,11,1%,0%,18.2,11,26,57.2,-44.2
858,TB,Sirvocea Dennis,LB,17,,9,-20%,0%,52.8,42,70,95.1,-44.2
859,CIN,Shemar Stewart,DL,17,,10,0%,0%,0,,17,52,-44.2
860,BUF,Larry Ogunjobi,DL,10,,7,-76%,0%,36.2,71,48,86.8,-44.3
861,IND,Anthony Richardson,QB,15,15.05,11,10%,40%,116.7,206,156,368.8,-44.5
862,BUF,Kaden Prather,WR,17,38.04,7,5%,0%,10.2,,15,65.8,-44.8
863,CAR,Kobe Hudson,WR,17,73.09,14,1%,0%,11.7,,16,61,-45.1
864,PHI,Ainias Smith,WR,17,77.03,9,-12%,0%,9.4,8,12,82.1,-45.2
865,CLE,Jamari Thrash,WR,17,77.02,9,11%,0%,11.3,3,21,65.8,-45.3
866,UNS,Ogbonnia Okoronkwo,DL,16,,18,-,0%,16.1,,21,64.4,-45.4
867,CHI,Devin Duvernay,WR,17,63.01,5,-17%,12%,16.9,6,21,59,-45.6
868,LVR,DJ Turner,WR,17,57.1,8,-6%,0%,14.2,25,20,50.6,-45.6
869,ATL,Nick Nash,WR,17,33.1,5,14%,0%,10.8,19,15,68.1,-45.7
870,TB,Rakim Jarrett,WR,17,52.12,9,11%,0%,10.7,4,16,71.9,-45.9
871,IND,Ashton Dulin,WR,17,63.11,11,3%,0%,12.8,7,16,68.7,-45.9
872,TB,Ryan Miller,WR,17,35.08,9,11%,0%,8.6,0,14,61.4,-46.2
873,CAR,Jimmy Horn Jr.,WR,17,25.12,14,1%,0%,13.6,4,18,63.7,-46.2
874,DET,Dominic Lovett,WR,17,72.12,8,7%,0%,10.5,,15,55.4,-46.4
875,NO,Cameron Jordan,DL,17,,11,28%,0%,11.9,62,24,38.1,-46.5
876,CLE,Michael Woods II,WR,17,55.12,9,11%,0%,10.6,16,15,59,-46.7
877,NYJ,Xavier Gipson,WR,17,47.09,9,-3%,0%,13.3,7,17,55,-47
878,TB,Trey Palmer,WR,17,44.09,9,11%,21%,9.6,4,15,65,-47.2
879,ATL,Zach Harrison,DL,17,,5,-2%,0%,11.7,65,23,38.7,-47.2
880,GB,Malik Heath,WR,17,79.05,5,-10%,0%,10.1,8,15,60.4,-47.4
881,ATL,KhaDarel Hodge,WR,17,65.08,5,14%,0%,24.1,18,24,24.1,-47.4
882,HOU,Henry To'oto'o,LB,17,,6,11%,0%,46.9,4,59,105.6,-47.8
883,IND,Julius Brents,DB,17,,11,12%,0%,26.2,97,37,74.8,-48
884,CLE,Joe Flacco,QB,5,21.07,9,-4%,15%,24.9,85,71,100.9,-48
885,SF,Dee Winters,LB,17,,14,-8%,0%,45.4,,65,94,-48
886,ATL,Casey Washington,WR,17,76.05,5,14%,0%,9.7,5,15,53.9,-48.1
887,TEN,Jha'Quan Jackson,WR,17,76.04,10,-15%,0%,8.8,8,11,60.8,-48.1
888,TEN,Bryce Oliver,WR,17,75.04,10,-15%,0%,7.4,,11,52.4,-48.3
889,DAL,Jack Sanborn,LB,17,,10,29%,0%,37.9,,57,113.1,-48.3
890,BAL,Kyle Van Noy,LB,17,,7,-81%,22%,47,,62,95.9,-48.8
891,DET,Derrick Barnes,LB,17,,8,-62%,0%,51.7,60,62,92.4,-48.8
892,DAL,Jalen Brooks,WR,17,51.03,10,8%,0%,11.3,6,16,43.6,-48.9
893,BAL,LaJohntay Wester,WR,17,73.03,7,8%,0%,9.3,5,13,53,-48.9
894,NYJ,Tyler Johnson,WR,17,61.11,9,-3%,0%,11.4,21,16,31.8,-49.1
895,NYG,Antwane Wells Jr.,WR,17,40.05,14,-3%,0%,7.6,,11,45.6,-49.2
896,DAL,Ryan Flournoy,WR,17,76.06,10,8%,0%,9.9,3,16,42.9,-49.4
897,CHI,Tyler Scott,WR,17,53.01,5,-17%,0%,11.2,5,14,41.8,-49.5
898,HOU,Xavier Hutchinson,WR,17,81.07,6,4%,0%,8.3,20,14,32.4,-49.6
899,LAR,Konata Mumpfield,WR,17,73.01,8,5%,0%,7.9,13,11,44.9,-49.6
900,IND,Anthony Gould,WR,17,29.06,11,3%,0%,8.3,4,10,46.4,-50.4
901,CIN,Charlie Jones,WR,17,81.01,10,2%,0%,12.8,5,17,23,-50.8
902,BAL,Ar'Darius Washington,DB,17,,7,-81%,0%,17.5,,35,70,-51.2
903,CLE,Dillon Gabriel,QB,4,46.06,9,-4%,0%,11.7,48,58,86.3,-51.8
904,PHI,Jordan Davis,DL,17,,9,-26%,0%,12.9,49,14,35.7,-52.1
905,HOU,Braxton Berrios,WR,17,66.08,6,4%,0%,13.8,3,14,13.8,-52.5
906,CLE,Shedeur Sanders,QB,4,16.07,9,-4%,0%,12.3,47,59,85.2,-52.5
907,BUF,Dorian Williams,LB,16,,7,-76%,0%,43.5,87,58,90,-53.2
908,CLE,Kenny Pickett,QB,4,27.08,9,-4%,42%,13.6,51,54,79,-53.4
909,CAR,Ryan Fitzgerald,K,10,,14,29%,0%,51.4,,73,168.8,-54.6
910,NE,Marte Mapu,LB,17,,14,46%,0%,41.9,,60,80.8,-54.7
911,NO,Spencer Rattler,QB,3,31.06,11,-4%,6%,6.6,40,44,62,-55.8
912,DAL,Marist Liufau,LB,17,,10,29%,0%,35.5,12,55,87.4,-56.5
913,TB,Anthony Walker,LB,17,,9,-20%,0%,32,45,53,93.2,-57
914,DAL,DeMarvion Overshown,LB,17,,10,29%,0%,0,63,44,88.8,-58.3
915,LVR,Devin White,LB,17,,8,46%,0%,27.6,108,55,77.2,-60.8
916,BAL,Teddye Buchanan,LB,17,,7,-81%,0%,22.3,,45,98.1,-61.1
917,LAC,Troy Dye,LB,17,,12,-31%,0%,28.2,,51,79.4,-62.2
918,BAL,Trenton Simpson,LB,17,,7,-81%,0%,26.6,77,53,71.9,-63.4
919,ATL,Troy Andersen,LB,17,,5,-2%,30%,22.6,142,45,90.4,-63.5
920,SF,Nick Martin,LB,17,,14,-8%,0%,19.9,,40,99.4,-63.9
921,ARI,Cody Simon,LB,17,,8,-14%,0%,20,,40,99.8,-63.9
922,NO,Danny Stutsman,LB,17,,11,28%,0%,0,,39,78.4,-64.6
923,WAS,Von Miller,DL,2,,12,-22%,17%,0,68,3,3.5,-66.7
924,SF,Jake Moody,K,7,25.08,14,7%,0%,40.6,146,44,157.3,-69.1
925,CAR,Matthew Wright,K,8,41.07,14,29%,0%,38.7,118,55,149.3,-69.7
926,PIT,Cole Holcomb,LB,16,,5,1%,0%,21.3,59,43,68.3,-70.2
927,CLE,Jeremiah Owusu-Koramoah,LB,17,,9,100%,30%,43.9,127,44,43.9,-72.2
928,HOU,E.J. Speed,LB,17,,6,11%,0%,0,131,33,66.3,-72.2
929,PIT,Malik Harrison,LB,16,,5,1%,0%,18.9,,38,60.3,-75.3
930,ARI,BJ Ojulari,LB,17,,8,-14%,0%,18.1,,36,56,-77.8
931,TB,David Walker,LB,17,,9,-20%,0%,15.9,,32,54,-80.6
932,BAL,Tavius Robinson,LB,17,,7,-81%,0%,14.3,,29,57.3,-81.5
933,DEN,Justin Strnad,LB,17,,12,-33%,0%,16.9,,34,45.5,-81.6
934,TEN,Oluwafemi Oladejo,LB,17,,10,86%,0%,15.8,,32,47.4,-82.2
935,CIN,Barrett Carter,LB,17,,10,0%,0%,0,,24,47.9,-83.6
936,ATL,JD Bertrand,LB,17,,5,-2%,0%,0,20,20,39.8,-88.7
937,NYJ,Harrison Mevis,K,4,38.02,9,16%,0%,21.3,79,30,121.6,-97
938,UNS,Greg Zuerlein,K,1,47.03,18,-,0%,0.2,33,0,0.2,-127.8
939,UNS,Anders Carlson,K,1,30.02,18,-,0%,0.2,33,0,0.2,-127.8
940,SEA,Jalen Milroe,QB,1,22.11,8,-2%,0%,14.6,27,18,109.6,-129.5
941,NYG,Jameis Winston,QB,1,30.06,14,-7%,29%,12.3,16,15,107.5,-131.6
942,UNS,Justin Tucker,K,1,24.04,18,-,0%,0.2,47,0,0.2,-131.8
943,ATL,Kirk Cousins,QB,17,23.12,5,19%,17%,11.2,22,14,101.1,-131.9
944,CLE,Deshaun Watson,QB,2,28.05,9,-4%,21%,0,24,30,38,-133.9
945,NE,John Parker Romo,K,1,40.11,14,4%,0%,2.3,41,2,2.3,-145.2
946,PIT,Ben Sauls,K,1,,5,-13%,0%,2.3,,2,2.3,-149.1